,DataType,Estimator,RD,ACC,ACC_std,SEN,SEN_std,SPEC,SPEC_std,PREC,PREC_std,F1,F1_std,scale
0,MULTI_1,SVC,spec,65.4,7.4,65.3,7.4,65.3,7.4,68.6,8.8,64.9,7.2,0.1
1,MULTI_1,SVC,com,37.2,5.4,37.5,5.3,37.5,5.3,37.8,8.6,31.5,8.4,0.1
2,MULTI_1,SVC,spec,65.9,4.1,65.9,4.2,65.9,4.2,67.8,4.4,65.8,4.0,0.2
3,MULTI_1,SVC,com,34.0,5.2,34.2,5.1,34.2,5.1,41.7,9.0,30.2,3.6,0.2
4,MULTI_1,SVC,spec,69.7,3.3,69.7,3.2,69.7,3.2,70.8,3.7,69.5,3.4,0.5
5,MULTI_1,SVC,com,37.2,5.6,37.4,5.6,37.4,5.6,42.5,7.8,34.9,6.7,0.5
6,MULTI_1,SVC,spec,69.1,3.7,69.1,3.6,69.1,3.6,72.5,3.3,68.1,4.4,1.0
7,MULTI_1,SVC,com,45.2,5.2,45.3,5.2,45.3,5.2,44.6,6.3,42.5,7.4,1.0
8,MULTI_2,SVC,spec,68.0,7.7,68.2,7.4,68.2,7.4,70.4,4.9,67.7,7.0,0.1
9,MULTI_2,SVC,com,29.5,7.2,29.9,7.2,29.9,7.2,30.5,3.9,26.2,6.9,0.1
10,MULTI_2,SVC,spec,73.3,6.6,73.5,6.5,73.5,6.5,74.1,5.3,72.8,6.7,0.2
11,MULTI_2,SVC,com,31.1,7.8,31.2,7.6,31.2,7.6,38.1,12.0,27.4,6.8,0.2
12,MULTI_2,SVC,spec,75.4,6.7,75.5,6.4,75.5,6.4,77.5,6.3,75.0,6.1,0.5
13,MULTI_2,SVC,com,38.5,6.0,38.6,6.1,38.6,6.1,39.1,6.2,37.9,5.7,0.5
14,MULTI_2,SVC,spec,76.5,4.4,76.5,4.1,76.5,4.1,79.0,1.9,76.5,3.9,1.0
15,MULTI_2,SVC,com,36.3,4.4,36.4,4.6,36.4,4.6,40.3,9.0,34.8,3.8,1.0
16,MULTI_3,SVC,spec,69.1,5.5,69.1,5.4,69.1,5.4,71.6,6.5,68.5,5.8,0.1
17,MULTI_3,SVC,com,47.6,6.3,46.9,6.5,46.9,6.5,36.3,10.3,39.7,8.9,0.1
18,MULTI_3,SVC,spec,70.7,7.9,70.6,7.6,70.6,7.6,72.6,8.4,70.3,7.8,0.2
19,MULTI_3,SVC,com,47.6,4.6,46.9,4.4,46.9,4.4,49.2,13.7,40.8,6.1,0.2
20,MULTI_3,SVC,spec,69.6,7.9,69.5,7.5,69.5,7.5,70.8,8.1,68.5,7.5,0.5
21,MULTI_3,SVC,com,46.6,2.3,46.0,2.6,46.0,2.6,45.1,5.1,42.8,4.8,0.5
22,MULTI_3,SVC,spec,61.8,4.5,61.2,3.6,61.2,3.6,64.4,9.3,57.8,4.0,1.0
23,MULTI_3,SVC,com,49.7,6.7,49.4,7.1,49.4,7.1,45.0,11.3,45.5,8.8,1.0
24,MULTI_4,SVC,spec,70.4,6.6,70.4,6.8,70.4,6.8,72.1,5.9,70.3,6.5,0.1
25,MULTI_4,SVC,com,34.9,6.8,34.9,6.9,34.9,6.9,32.3,9.1,32.5,8.4,0.1
26,MULTI_4,SVC,spec,74.8,5.5,74.9,5.4,74.9,5.4,76.5,5.4,74.4,5.2,0.2
27,MULTI_4,SVC,com,36.5,7.0,36.7,7.2,36.7,7.2,37.9,14.0,33.3,8.3,0.2
28,MULTI_4,SVC,spec,73.7,9.7,73.8,9.7,73.8,9.7,76.9,8.5,73.9,9.4,0.5
29,MULTI_4,SVC,com,38.2,3.6,38.5,4.0,38.5,4.0,42.6,9.0,36.4,2.4,0.5
30,MULTI_4,SVC,spec,74.2,10.2,74.2,10.2,74.2,10.2,77.4,9.0,74.4,10.1,1.0
31,MULTI_4,SVC,com,39.8,6.9,40.0,7.2,40.0,7.2,39.1,7.0,38.2,6.5,1.0
32,MULTI_5,SVC,spec,74.0,6.4,74.2,6.1,74.2,6.1,76.7,4.6,74.2,6.4,0.1
33,MULTI_5,SVC,com,33.5,5.0,33.5,5.2,33.5,5.2,30.4,7.5,29.6,6.3,0.1
34,MULTI_5,SVC,spec,72.9,6.3,73.3,6.1,73.3,6.1,76.8,4.5,73.0,6.4,0.2
35,MULTI_5,SVC,com,30.9,2.9,30.9,3.2,30.9,3.2,28.1,6.5,26.8,3.3,0.2
36,MULTI_5,SVC,spec,72.9,1.7,73.0,1.7,73.0,1.7,74.7,1.2,72.9,1.6,0.5
37,MULTI_5,SVC,com,41.5,5.1,41.8,5.6,41.8,5.6,41.4,6.5,38.6,5.1,0.5
38,MULTI_5,SVC,spec,73.4,4.7,73.7,4.6,73.7,4.6,76.3,3.8,73.1,5.2,1.0
39,MULTI_5,SVC,com,39.4,3.2,39.2,3.6,39.2,3.6,44.4,8.2,34.3,3.0,1.0
40,MULTI_6,SVC,spec,62.8,4.8,62.7,5.0,62.7,5.0,62.7,4.8,62.4,5.1,0.1
41,MULTI_6,SVC,com,40.3,4.2,40.4,4.3,40.4,4.3,39.6,6.8,39.0,6.9,0.1
42,MULTI_6,SVC,spec,66.5,4.8,66.3,4.9,66.3,4.9,66.2,4.8,65.9,4.9,0.2
43,MULTI_6,SVC,com,40.3,4.2,40.1,4.3,40.1,4.3,39.5,6.7,38.4,6.8,0.2
44,MULTI_6,SVC,spec,65.9,4.6,65.7,4.5,65.7,4.5,65.9,4.9,65.1,4.6,0.5
45,MULTI_6,SVC,com,45.0,4.7,44.8,4.8,44.8,4.8,48.4,3.2,43.7,5.7,0.5
46,MULTI_6,SVC,spec,67.5,6.2,67.3,6.3,67.3,6.3,69.7,6.0,67.3,6.7,1.0
47,MULTI_6,SVC,com,44.5,5.8,44.6,5.7,44.6,5.7,45.7,5.4,44.6,5.3,1.0
48,MULTI_7,SVC,spec,69.3,2.5,69.6,2.7,69.6,2.7,69.4,3.3,69.0,2.8,0.1
49,MULTI_7,SVC,com,35.5,7.5,35.5,7.4,35.5,7.4,29.5,12.7,31.0,9.7,0.1
50,MULTI_7,SVC,spec,73.9,4.3,74.1,4.2,74.1,4.2,74.0,4.5,73.4,4.6,0.2
51,MULTI_7,SVC,com,34.9,7.2,34.9,7.1,34.9,7.1,28.6,10.8,30.5,8.7,0.2
52,MULTI_7,SVC,spec,72.4,1.8,72.7,2.0,72.7,2.0,73.7,1.4,71.9,1.4,0.5
53,MULTI_7,SVC,com,34.9,5.5,34.5,5.7,34.5,5.7,38.0,13.8,29.8,6.3,0.5
54,MULTI_7,SVC,spec,69.8,3.1,69.9,2.9,69.9,2.9,72.7,3.6,69.1,4.1,1.0
55,MULTI_7,SVC,com,33.3,5.9,32.4,5.7,32.4,5.7,26.3,4.5,26.3,4.4,1.0
56,MULTI_8,SVC,spec,70.9,7.1,71.0,7.1,71.0,7.1,72.2,7.6,70.5,7.3,0.1
57,MULTI_8,SVC,com,33.3,3.0,33.1,2.7,33.1,2.7,39.7,9.7,27.0,4.3,0.1
58,MULTI_8,SVC,spec,72.5,7.5,72.5,7.4,72.5,7.4,73.3,7.2,71.7,8.0,0.2
59,MULTI_8,SVC,com,32.2,3.1,31.8,2.8,31.8,2.8,37.6,9.7,26.0,3.3,0.2
60,MULTI_8,SVC,spec,72.6,2.1,72.7,2.1,72.7,2.1,75.1,1.7,72.3,2.4,0.5
61,MULTI_8,SVC,com,32.2,3.7,32.1,3.7,32.1,3.7,35.7,10.2,29.5,4.9,0.5
62,MULTI_8,SVC,spec,72.0,3.7,72.1,3.8,72.1,3.8,74.2,4.1,71.8,3.9,1.0
63,MULTI_8,SVC,com,26.3,3.9,26.5,3.9,26.5,3.9,23.5,4.2,23.4,3.9,1.0
64,MULTI_9,SVC,spec,64.3,3.8,64.7,3.8,64.7,3.8,66.8,3.9,63.8,4.2,0.1
65,MULTI_9,SVC,com,37.8,3.7,37.4,4.4,37.4,4.4,39.0,15.0,29.8,8.1,0.1
66,MULTI_9,SVC,spec,63.3,5.6,63.7,5.6,63.7,5.6,64.2,6.4,62.9,6.2,0.2
67,MULTI_9,SVC,com,34.6,2.6,34.1,2.2,34.1,2.2,37.6,18.8,25.0,6.3,0.2
68,MULTI_9,SVC,spec,65.4,4.4,65.8,4.4,65.8,4.4,66.7,4.3,64.8,4.5,0.5
69,MULTI_9,SVC,com,40.4,5.1,40.0,4.7,40.0,4.7,44.8,9.1,36.9,5.6,0.5
70,MULTI_9,SVC,spec,64.4,2.8,64.8,2.7,64.8,2.7,66.1,4.5,63.5,3.5,1.0
71,MULTI_9,SVC,com,41.0,3.9,40.9,3.9,40.9,3.9,43.0,5.1,40.1,4.3,1.0
72,MULTI_10,SVC,spec,61.7,7.3,61.7,7.2,61.7,7.2,63.0,6.7,61.3,7.4,0.1
73,MULTI_10,SVC,com,41.0,2.6,40.9,3.4,40.9,3.4,43.1,3.5,37.1,3.8,0.1
74,MULTI_10,SVC,spec,67.6,8.3,67.6,8.4,67.6,8.4,70.0,8.4,67.4,8.4,0.2
75,MULTI_10,SVC,com,39.9,1.8,40.3,1.7,40.3,1.7,43.9,8.8,37.5,1.3,0.2
76,MULTI_10,SVC,spec,73.4,6.7,73.5,6.8,73.5,6.8,76.2,5.4,73.2,6.9,0.5
77,MULTI_10,SVC,com,44.7,3.4,44.6,3.8,44.6,3.8,44.5,3.2,43.0,2.8,0.5
78,MULTI_10,SVC,spec,73.9,5.3,74.0,5.5,74.0,5.5,76.6,4.9,73.3,6.1,1.0
79,MULTI_10,SVC,com,42.6,3.9,42.5,4.1,42.5,4.1,42.9,4.1,41.0,3.3,1.0
80,MULTI_11,SVC,spec,70.3,10.1,70.3,10.1,70.3,10.1,72.4,7.9,70.2,9.9,0.1
81,MULTI_11,SVC,com,35.4,6.1,35.5,6.0,35.5,6.0,42.2,12.0,31.5,6.6,0.1
82,MULTI_11,SVC,spec,74.5,7.9,74.6,7.8,74.6,7.8,75.3,7.7,74.4,7.8,0.2
83,MULTI_11,SVC,com,40.2,6.9,39.9,6.8,39.9,6.8,40.6,8.5,38.3,7.1,0.2
84,MULTI_11,SVC,spec,71.4,7.8,71.3,7.8,71.3,7.8,73.3,6.2,71.2,7.4,0.5
85,MULTI_11,SVC,com,41.3,4.0,41.0,3.9,41.0,3.9,41.4,2.3,40.4,3.4,0.5
86,MULTI_11,SVC,spec,74.0,7.4,73.9,7.3,73.9,7.3,75.9,7.2,73.9,7.3,1.0
87,MULTI_11,SVC,com,39.6,6.4,39.4,6.5,39.4,6.5,39.4,6.0,38.8,6.3,1.0
88,MULTI_12,SVC,spec,65.7,6.5,65.6,6.3,65.6,6.3,66.6,6.5,65.3,6.2,0.1
89,MULTI_12,SVC,com,35.9,6.5,36.1,6.5,36.1,6.5,30.2,8.5,31.1,6.8,0.1
90,MULTI_12,SVC,spec,66.8,6.5,66.8,6.3,66.8,6.3,68.4,7.2,66.7,6.3,0.2
91,MULTI_12,SVC,com,35.3,7.5,35.5,7.5,35.5,7.5,36.3,10.7,31.1,5.7,0.2
92,MULTI_12,SVC,spec,66.3,4.3,66.4,4.3,66.4,4.3,66.7,5.3,65.9,4.6,0.5
93,MULTI_12,SVC,com,45.5,3.2,45.9,3.6,45.9,3.6,47.5,4.9,43.0,2.8,0.5
94,MULTI_12,SVC,spec,65.7,6.5,65.8,6.4,65.8,6.4,67.0,6.9,65.1,6.5,1.0
95,MULTI_12,SVC,com,46.0,4.8,46.3,5.1,46.3,5.1,47.0,4.7,45.4,4.3,1.0
96,MULTI_13,SVC,spec,74.4,8.4,74.4,8.5,74.4,8.5,74.9,8.7,74.2,8.4,0.1
97,MULTI_13,SVC,com,34.4,7.4,33.0,6.6,33.0,6.6,29.8,7.8,27.8,4.9,0.1
98,MULTI_13,SVC,spec,72.8,8.2,72.8,8.4,72.8,8.4,73.5,8.2,72.6,8.1,0.2
99,MULTI_13,SVC,com,33.3,7.8,32.0,7.2,32.0,7.2,34.6,8.8,27.4,6.2,0.2
100,MULTI_13,SVC,spec,74.4,8.1,74.6,8.2,74.6,8.2,75.7,8.3,74.1,8.0,0.5
101,MULTI_13,SVC,com,38.5,3.6,37.2,3.8,37.2,3.8,44.3,7.2,34.8,3.9,0.5
102,MULTI_13,SVC,spec,70.8,10.6,70.6,10.7,70.6,10.7,73.5,9.7,70.2,10.5,1.0
103,MULTI_13,SVC,com,39.5,8.4,38.6,8.3,38.6,8.3,42.4,7.4,38.1,7.7,1.0
104,MULTI_14,SVC,spec,72.2,5.0,72.0,4.9,72.0,4.9,72.6,5.1,71.8,4.9,0.1
105,MULTI_14,SVC,com,46.0,11.0,46.2,11.1,46.2,11.1,46.3,10.8,43.9,10.5,0.1
106,MULTI_14,SVC,spec,75.9,4.8,75.9,4.9,75.9,4.9,76.7,5.2,75.9,4.9,0.2
107,MULTI_14,SVC,com,42.7,11.5,42.7,11.6,42.7,11.6,44.8,10.8,41.5,11.1,0.2
108,MULTI_14,SVC,spec,74.3,5.2,74.2,5.1,74.2,5.1,75.6,4.5,74.4,4.9,0.5
109,MULTI_14,SVC,com,45.4,12.0,45.3,12.0,45.3,12.0,47.2,11.5,43.8,11.9,0.5
110,MULTI_14,SVC,spec,77.0,3.8,76.9,3.8,76.9,3.8,78.2,2.9,77.1,3.5,1.0
111,MULTI_14,SVC,com,41.7,7.2,41.7,7.1,41.7,7.1,42.3,7.9,40.7,7.5,1.0
112,MULTI_15,SVC,spec,74.1,3.5,74.4,3.5,74.4,3.5,75.0,3.4,73.6,3.7,0.1
113,MULTI_15,SVC,com,37.6,6.2,37.5,6.5,37.5,6.5,41.9,11.5,35.3,6.1,0.1
114,MULTI_15,SVC,spec,75.7,4.2,76.0,3.9,76.0,3.9,79.1,3.6,75.3,4.7,0.2
115,MULTI_15,SVC,com,37.0,10.0,37.0,9.9,37.0,9.9,41.0,18.0,33.9,9.3,0.2
116,MULTI_15,SVC,spec,76.2,6.3,76.5,6.0,76.5,6.0,79.4,4.6,75.8,6.9,0.5
117,MULTI_15,SVC,com,40.2,6.5,40.1,6.4,40.1,6.4,41.4,13.0,37.0,7.0,0.5
118,MULTI_15,SVC,spec,75.7,8.3,76.0,8.1,76.0,8.1,78.9,6.9,75.5,8.7,1.0
119,MULTI_15,SVC,com,39.1,6.9,39.1,6.8,39.1,6.8,39.2,6.5,37.6,6.3,1.0
120,MULTI_16,SVC,spec,66.3,8.4,65.8,8.4,65.8,8.4,69.3,4.1,65.4,8.8,0.1
121,MULTI_16,SVC,com,45.6,3.3,44.2,3.3,44.2,3.3,48.6,10.9,40.2,6.7,0.1
122,MULTI_16,SVC,spec,66.8,2.3,66.3,2.1,66.3,2.1,67.4,1.9,66.2,2.1,0.2
123,MULTI_16,SVC,com,46.6,2.1,45.2,2.0,45.2,2.0,45.7,11.8,40.1,5.2,0.2
124,MULTI_16,SVC,spec,70.5,2.7,70.0,2.2,70.0,2.2,72.4,4.2,69.3,2.8,0.5
125,MULTI_16,SVC,com,48.7,5.7,47.5,5.8,47.5,5.8,53.5,8.1,45.7,6.5,0.5
126,MULTI_16,SVC,spec,66.9,4.4,66.1,4.6,66.1,4.6,72.5,2.4,66.0,4.9,1.0
127,MULTI_16,SVC,com,47.2,6.0,46.2,6.0,46.2,6.0,53.0,7.3,44.1,6.3,1.0
128,MULTI_17,SVC,spec,71.9,6.8,71.6,6.9,71.6,6.9,73.2,6.1,71.6,7.0,0.1
129,MULTI_17,SVC,com,43.2,12.4,43.2,12.6,43.2,12.6,45.6,14.5,40.3,11.9,0.1
130,MULTI_17,SVC,spec,74.6,6.1,74.6,5.9,74.6,5.9,75.2,6.4,74.6,6.1,0.2
131,MULTI_17,SVC,com,43.2,13.1,43.4,13.3,43.4,13.3,46.2,14.9,41.2,12.7,0.2
132,MULTI_17,SVC,spec,77.8,6.0,78.1,6.0,78.1,6.0,80.1,5.7,78.0,6.1,0.5
133,MULTI_17,SVC,com,40.0,8.8,40.1,8.8,40.1,8.8,46.7,19.7,34.4,9.1,0.5
134,MULTI_17,SVC,spec,80.0,6.5,80.0,6.4,80.0,6.4,81.4,6.5,80.0,6.6,1.0
135,MULTI_17,SVC,com,37.3,8.9,37.2,8.9,37.2,8.9,35.5,11.2,33.5,8.4,1.0
136,MULTI_18,SVC,spec,69.8,9.7,69.9,9.6,69.9,9.6,70.8,9.6,69.5,9.7,0.1
137,MULTI_18,SVC,com,36.5,1.8,36.2,1.8,36.2,1.8,34.3,5.4,30.0,5.8,0.1
138,MULTI_18,SVC,spec,73.7,7.9,73.6,7.6,73.6,7.6,74.6,9.4,73.0,8.0,0.2
139,MULTI_18,SVC,com,38.7,2.0,38.3,2.7,38.3,2.7,35.2,3.2,32.4,5.1,0.2
140,MULTI_18,SVC,spec,70.9,7.2,70.9,6.8,70.9,6.8,71.7,8.5,69.9,7.6,0.5
141,MULTI_18,SVC,com,41.4,2.9,40.9,3.2,40.9,3.2,44.5,4.7,38.3,5.7,0.5
142,MULTI_18,SVC,spec,71.5,6.6,71.4,6.5,71.4,6.5,73.2,6.2,71.0,6.4,1.0
143,MULTI_18,SVC,com,45.2,6.0,44.9,6.0,44.9,6.0,46.9,7.3,43.3,5.6,1.0
144,MULTI_19,SVC,spec,71.9,6.9,72.0,6.8,72.0,6.8,73.3,7.2,71.1,7.5,0.1
145,MULTI_19,SVC,com,32.8,6.4,31.2,5.6,31.2,5.6,24.6,11.8,22.8,5.1,0.1
146,MULTI_19,SVC,spec,70.9,7.0,70.9,7.1,70.9,7.1,73.8,6.4,70.8,7.4,0.2
147,MULTI_19,SVC,com,31.2,4.8,29.9,4.1,29.9,4.1,17.6,5.7,21.5,5.0,0.2
148,MULTI_19,SVC,spec,69.8,6.2,70.0,6.3,70.0,6.3,73.0,4.6,69.3,6.6,0.5
149,MULTI_19,SVC,com,36.5,5.5,35.5,6.0,35.5,6.0,30.3,10.4,29.6,8.0,0.5
150,MULTI_19,SVC,spec,74.0,2.0,74.0,2.5,74.0,2.5,77.5,3.3,73.9,2.6,1.0
151,MULTI_19,SVC,com,32.9,4.9,31.7,5.3,31.7,5.3,26.8,11.2,26.6,8.4,1.0
152,MULTI_20,SVC,spec,71.8,5.8,71.7,5.7,71.7,5.7,72.5,5.9,71.5,5.7,0.1
153,MULTI_20,SVC,com,41.6,3.5,39.8,3.2,39.8,3.2,44.3,8.2,33.8,6.6,0.1
154,MULTI_20,SVC,spec,71.3,4.0,71.4,3.9,71.4,3.9,71.9,3.4,71.0,3.8,0.2
155,MULTI_20,SVC,com,41.6,3.5,40.0,2.9,40.0,2.9,44.8,7.5,35.5,5.7,0.2
156,MULTI_20,SVC,spec,71.3,5.0,71.4,5.0,71.4,5.0,73.9,4.1,71.3,4.8,0.5
157,MULTI_20,SVC,com,45.1,4.4,43.2,3.6,43.2,3.6,44.1,3.7,37.2,6.4,0.5
158,MULTI_20,SVC,spec,68.4,5.8,67.9,5.4,67.9,5.4,73.7,5.1,68.2,5.6,1.0
159,MULTI_20,SVC,com,50.0,6.2,49.6,6.3,49.6,6.3,53.2,9.9,47.8,7.7,1.0
160,MULTI_21,SVC,spec,66.1,8.5,66.0,8.6,66.0,8.6,67.0,7.6,66.0,8.2,0.1
161,MULTI_21,SVC,com,39.5,8.9,40.0,8.7,40.0,8.7,44.9,15.0,36.6,9.6,0.1
162,MULTI_21,SVC,spec,71.3,8.8,71.1,8.9,71.1,8.9,71.7,8.7,71.1,8.7,0.2
163,MULTI_21,SVC,com,38.9,9.7,39.1,9.7,39.1,9.7,40.9,12.9,35.4,10.0,0.2
164,MULTI_21,SVC,spec,73.4,4.9,73.4,5.0,73.4,5.0,74.1,4.8,73.2,4.8,0.5
165,MULTI_21,SVC,com,38.4,9.4,38.6,9.5,38.6,9.5,39.7,10.4,35.5,8.6,0.5
166,MULTI_21,SVC,spec,72.9,6.5,72.8,6.4,72.8,6.4,73.8,7.0,72.5,6.5,1.0
167,MULTI_21,SVC,com,37.4,11.7,37.6,11.8,37.6,11.8,37.6,11.2,34.5,10.7,1.0
168,MULTI_22,SVC,spec,78.1,6.9,78.2,7.0,78.2,7.0,79.2,7.6,77.8,7.1,0.1
169,MULTI_22,SVC,com,42.8,9.2,42.9,8.9,42.9,8.9,42.2,9.9,41.4,9.0,0.1
170,MULTI_22,SVC,spec,79.7,6.2,79.7,6.4,79.7,6.4,80.6,7.0,79.5,6.6,0.2
171,MULTI_22,SVC,com,43.3,9.7,43.5,9.6,43.5,9.6,42.9,10.6,42.0,9.5,0.2
172,MULTI_22,SVC,spec,79.2,6.0,79.2,6.2,79.2,6.2,80.0,5.7,79.1,6.2,0.5
173,MULTI_22,SVC,com,46.5,8.7,46.7,8.4,46.7,8.4,46.3,9.9,45.2,8.7,0.5
174,MULTI_22,SVC,spec,78.1,3.8,77.9,3.9,77.9,3.9,79.8,3.6,78.0,4.1,1.0
175,MULTI_22,SVC,com,46.0,8.8,46.2,8.6,46.2,8.6,45.7,9.9,44.7,8.7,1.0
176,MULTI_23,SVC,spec,61.6,4.3,61.4,4.4,61.4,4.4,64.1,5.4,61.0,5.1,0.1
177,MULTI_23,SVC,com,33.0,2.0,33.2,2.3,33.2,2.3,36.6,12.9,26.9,4.5,0.1
178,MULTI_23,SVC,spec,63.2,5.0,63.0,5.2,63.0,5.2,64.5,5.6,62.8,5.5,0.2
179,MULTI_23,SVC,com,35.1,3.8,35.5,4.3,35.5,4.3,35.0,13.6,26.0,3.8,0.2
180,MULTI_23,SVC,spec,65.4,4.3,65.3,4.3,65.3,4.3,67.7,5.9,64.7,4.1,0.5
181,MULTI_23,SVC,com,35.1,3.0,35.2,3.0,35.2,3.0,34.3,6.7,29.5,1.8,0.5
182,MULTI_23,SVC,spec,65.4,2.0,65.2,2.2,65.2,2.2,67.5,2.3,64.5,1.6,1.0
183,MULTI_23,SVC,com,30.8,5.3,31.4,5.4,31.4,5.4,30.7,7.7,25.5,5.5,1.0
184,MULTI_24,SVC,spec,76.8,6.6,77.0,6.6,77.0,6.6,78.4,6.4,76.6,6.7,0.1
185,MULTI_24,SVC,com,33.3,4.2,33.6,4.4,33.6,4.4,34.7,8.9,28.1,6.8,0.1
186,MULTI_24,SVC,spec,77.4,6.4,77.5,6.2,77.5,6.2,79.3,5.1,77.2,6.6,0.2
187,MULTI_24,SVC,com,32.2,4.6,32.2,4.8,32.2,4.8,32.4,8.0,30.0,5.7,0.2
188,MULTI_24,SVC,spec,74.7,4.1,74.8,3.9,74.8,3.9,76.9,2.5,74.5,4.2,0.5
189,MULTI_24,SVC,com,34.9,8.7,35.2,8.9,35.2,8.9,42.1,21.1,31.0,10.3,0.5
190,MULTI_24,SVC,spec,69.3,5.7,69.5,5.8,69.5,5.8,72.5,5.9,68.8,6.4,1.0
191,MULTI_24,SVC,com,36.6,2.7,36.8,3.1,36.8,3.1,39.8,15.2,32.6,4.0,1.0
192,MULTI_25,SVC,spec,70.5,5.1,70.6,5.2,70.6,5.2,72.8,4.9,70.6,5.0,0.1
193,MULTI_25,SVC,com,50.0,6.7,49.6,6.8,49.6,6.8,53.3,6.7,47.5,7.4,0.1
194,MULTI_25,SVC,spec,76.3,3.7,76.5,3.8,76.5,3.8,77.8,4.3,76.2,3.8,0.2
195,MULTI_25,SVC,com,50.0,6.7,49.6,6.8,49.6,6.8,54.2,7.1,47.6,7.4,0.2
196,MULTI_25,SVC,spec,75.3,5.7,75.6,5.8,75.6,5.8,77.5,7.1,74.8,5.5,0.5
197,MULTI_25,SVC,com,50.5,6.7,50.1,6.9,50.1,6.9,53.9,9.2,48.0,7.6,0.5
198,MULTI_25,SVC,spec,72.1,5.9,72.3,5.9,72.3,5.9,76.6,6.6,72.2,5.7,1.0
199,MULTI_25,SVC,com,51.6,5.2,51.1,5.3,51.1,5.3,55.0,7.0,48.6,6.3,1.0
200,MULTI_26,SVC,spec,66.9,10.8,66.8,10.8,66.8,10.8,68.2,10.4,66.9,10.7,0.1
201,MULTI_26,SVC,com,35.9,3.9,36.5,4.2,36.5,4.2,33.7,6.3,31.6,3.5,0.1
202,MULTI_26,SVC,spec,69.0,10.4,68.9,10.4,68.9,10.4,69.8,10.7,69.0,10.4,0.2
203,MULTI_26,SVC,com,33.2,3.1,33.5,3.3,33.5,3.3,35.7,12.1,30.3,4.4,0.2
204,MULTI_26,SVC,spec,70.1,11.9,70.0,11.9,70.0,11.9,71.1,11.9,69.9,11.7,0.5
205,MULTI_26,SVC,com,39.0,2.6,39.1,2.6,39.1,2.6,40.1,3.5,38.0,2.6,0.5
206,MULTI_26,SVC,spec,70.6,7.9,70.6,8.0,70.6,8.0,72.5,8.0,70.2,7.8,1.0
207,MULTI_26,SVC,com,41.2,4.7,41.3,4.5,41.3,4.5,40.9,7.2,39.3,5.6,1.0
208,MULTI_27,SVC,spec,71.2,4.5,71.2,4.7,71.2,4.7,73.4,5.2,71.0,4.6,0.1
209,MULTI_27,SVC,com,38.8,5.0,38.8,4.8,38.8,4.8,36.8,7.9,36.7,6.5,0.1
210,MULTI_27,SVC,spec,73.3,4.0,73.1,4.1,73.1,4.1,75.3,3.9,73.3,3.9,0.2
211,MULTI_27,SVC,com,33.5,3.5,33.6,3.4,33.6,3.4,32.5,5.3,31.9,3.9,0.2
212,MULTI_27,SVC,spec,73.3,3.5,73.3,3.6,73.3,3.6,75.1,3.9,73.0,3.4,0.5
213,MULTI_27,SVC,com,37.7,3.4,37.9,3.5,37.9,3.5,35.8,2.7,35.4,2.3,0.5
214,MULTI_27,SVC,spec,77.0,5.0,77.0,4.8,77.0,4.8,79.9,3.2,76.9,5.2,1.0
215,MULTI_27,SVC,com,37.7,4.1,37.9,4.0,37.9,4.0,37.7,4.7,36.6,4.8,1.0
216,MULTI_28,SVC,spec,76.5,3.9,76.5,3.9,76.5,3.9,76.9,3.1,76.0,3.9,0.1
217,MULTI_28,SVC,com,35.9,6.2,36.0,6.2,36.0,6.2,38.0,6.4,35.2,6.7,0.1
218,MULTI_28,SVC,spec,78.6,1.7,78.5,1.8,78.5,1.8,79.6,1.0,78.3,1.8,0.2
219,MULTI_28,SVC,com,34.7,4.7,34.8,4.2,34.8,4.2,37.9,12.9,32.2,5.0,0.2
220,MULTI_28,SVC,spec,81.8,7.3,81.6,7.5,81.6,7.5,83.3,5.6,81.4,7.9,0.5
221,MULTI_28,SVC,com,41.7,5.8,41.4,5.9,41.4,5.9,43.7,6.5,39.9,6.7,0.5
222,MULTI_28,SVC,spec,80.2,6.4,80.2,6.4,80.2,6.4,81.9,5.4,80.0,6.7,1.0
223,MULTI_28,SVC,com,42.2,6.5,42.0,6.4,42.0,6.4,43.0,6.9,39.8,5.9,1.0
224,MULTI_29,SVC,spec,74.5,5.9,74.6,5.8,74.6,5.8,75.5,6.0,73.8,6.1,0.1
225,MULTI_29,SVC,com,41.5,6.2,41.2,6.7,41.2,6.7,35.3,13.4,36.3,8.9,0.1
226,MULTI_29,SVC,spec,77.1,6.4,77.1,6.3,77.1,6.3,78.5,5.9,76.8,6.5,0.2
227,MULTI_29,SVC,com,41.5,7.8,41.3,8.4,41.3,8.4,43.1,15.8,38.3,9.8,0.2
228,MULTI_29,SVC,spec,78.2,7.5,78.2,7.5,78.2,7.5,79.2,7.0,78.3,7.4,0.5
229,MULTI_29,SVC,com,42.1,5.6,42.0,5.3,42.0,5.3,46.1,15.0,36.0,7.6,0.5
230,MULTI_29,SVC,spec,79.8,6.9,79.7,6.8,79.7,6.8,80.8,6.6,79.6,6.7,1.0
231,MULTI_29,SVC,com,37.8,5.7,37.6,5.3,37.6,5.3,36.6,11.5,33.1,6.2,1.0
232,MULTI_30,SVC,spec,68.6,6.0,68.2,5.6,68.2,5.6,69.9,5.3,67.7,4.9,0.1
233,MULTI_30,SVC,com,41.3,5.5,40.5,5.2,40.5,5.2,42.9,6.5,39.5,5.2,0.1
234,MULTI_30,SVC,spec,69.1,4.7,68.7,4.2,68.7,4.2,70.1,4.6,68.2,3.6,0.2
235,MULTI_30,SVC,com,43.3,4.2,42.5,4.0,42.5,4.0,45.4,5.3,41.7,4.4,0.2
236,MULTI_30,SVC,spec,69.1,9.1,68.7,8.6,68.7,8.6,73.6,11.6,67.9,8.6,0.5
237,MULTI_30,SVC,com,43.9,6.8,42.9,6.7,42.9,6.7,44.6,7.8,42.0,7.3,0.5
238,MULTI_30,SVC,spec,66.5,3.4,65.9,3.1,65.9,3.1,73.3,6.9,63.9,3.0,1.0
239,MULTI_30,SVC,com,42.3,9.7,41.3,9.9,41.3,9.9,41.1,13.1,39.2,12.0,1.0
240,MULTI_31,SVC,spec,74.6,5.6,74.5,5.6,74.5,5.6,75.4,5.0,74.4,5.4,0.1
241,MULTI_31,SVC,com,37.3,4.6,37.2,5.0,37.2,5.0,35.6,8.0,34.5,8.2,0.1
242,MULTI_31,SVC,spec,75.1,2.0,75.1,1.7,75.1,1.7,76.0,1.7,74.7,1.8,0.2
243,MULTI_31,SVC,com,37.3,4.6,37.2,5.0,37.2,5.0,35.2,8.8,34.5,8.2,0.2
244,MULTI_31,SVC,spec,76.8,2.2,76.9,2.1,76.9,2.1,78.5,2.3,76.6,1.8,0.5
245,MULTI_31,SVC,com,39.5,4.4,39.8,4.4,39.8,4.4,39.8,4.6,38.6,4.3,0.5
246,MULTI_31,SVC,spec,76.2,4.3,76.2,4.2,76.2,4.2,77.8,3.5,75.8,4.3,1.0
247,MULTI_31,SVC,com,37.8,6.6,37.7,6.5,37.7,6.5,39.1,7.1,37.5,6.5,1.0
248,MULTI_32,SVC,spec,64.3,6.8,64.1,6.8,64.1,6.8,66.5,7.1,64.4,6.7,0.1
249,MULTI_32,SVC,com,37.7,7.7,36.2,7.3,36.2,7.3,35.7,13.8,31.7,7.3,0.1
250,MULTI_32,SVC,spec,67.8,6.2,67.7,6.3,67.7,6.3,69.5,6.1,67.9,6.3,0.2
251,MULTI_32,SVC,com,39.2,7.7,37.5,8.0,37.5,8.0,38.1,16.8,33.1,8.4,0.2
252,MULTI_32,SVC,spec,68.8,5.4,68.4,5.3,68.4,5.3,71.1,6.3,68.5,5.6,0.5
253,MULTI_32,SVC,com,38.2,5.2,36.4,5.8,36.4,5.8,36.5,12.0,32.8,6.7,0.5
254,MULTI_32,SVC,spec,70.8,5.2,70.2,5.3,70.2,5.3,73.2,4.5,70.5,5.4,1.0
255,MULTI_32,SVC,com,41.7,3.7,40.2,4.0,40.2,4.0,39.8,7.7,37.0,5.2,1.0
256,MULTI_33,SVC,spec,71.9,4.0,71.4,4.1,71.4,4.1,73.7,4.2,71.1,4.3,0.1
257,MULTI_33,SVC,com,42.1,6.8,41.8,6.7,41.8,6.7,41.5,8.9,40.1,7.4,0.1
258,MULTI_33,SVC,spec,73.4,2.7,73.0,2.9,73.0,2.9,74.6,2.1,72.6,2.9,0.2
259,MULTI_33,SVC,com,43.2,8.6,42.7,8.4,42.7,8.4,43.8,10.5,40.8,9.2,0.2
260,MULTI_33,SVC,spec,71.3,2.9,70.9,3.1,70.9,3.1,73.5,2.3,69.7,3.9,0.5
261,MULTI_33,SVC,com,38.4,11.2,38.6,10.6,38.6,10.6,39.9,16.1,36.3,11.3,0.5
262,MULTI_33,SVC,spec,70.3,2.9,69.7,3.0,69.7,3.0,74.2,4.0,68.1,4.9,1.0
263,MULTI_33,SVC,com,41.1,12.0,41.4,11.6,41.4,11.6,42.7,16.3,39.5,12.7,1.0
264,MULTI_34,SVC,spec,75.3,2.9,75.1,3.1,75.1,3.1,76.5,4.0,75.0,3.3,0.1
265,MULTI_34,SVC,com,35.6,8.3,35.8,8.2,35.8,8.2,37.9,7.5,33.7,7.1,0.1
266,MULTI_34,SVC,spec,76.9,2.6,76.9,2.8,76.9,2.8,77.6,3.7,76.7,2.8,0.2
267,MULTI_34,SVC,com,33.9,9.4,34.4,9.7,34.4,9.7,33.8,8.6,29.1,8.4,0.2
268,MULTI_34,SVC,spec,78.5,5.1,78.2,5.3,78.2,5.3,79.1,4.9,78.0,5.3,0.5
269,MULTI_34,SVC,com,35.0,10.1,35.1,10.0,35.1,10.0,37.0,11.0,33.0,9.0,0.5
270,MULTI_34,SVC,spec,76.4,3.9,76.2,4.0,76.2,4.0,78.2,4.9,75.9,4.5,1.0
271,MULTI_34,SVC,com,33.4,8.3,33.0,8.1,33.0,8.1,33.3,9.4,31.4,8.4,1.0
272,MULTI_35,SVC,spec,77.2,5.9,77.0,6.3,77.0,6.3,77.9,6.5,76.5,6.9,0.1
273,MULTI_35,SVC,com,33.9,5.7,34.0,5.4,34.0,5.4,35.2,9.9,27.2,7.0,0.1
274,MULTI_35,SVC,spec,78.3,6.6,78.1,6.9,78.1,6.9,79.4,7.6,77.9,7.1,0.2
275,MULTI_35,SVC,com,34.4,5.0,34.6,5.0,34.6,5.0,37.6,14.6,28.7,5.6,0.2
276,MULTI_35,SVC,spec,80.9,6.7,80.8,6.8,80.8,6.8,82.2,7.6,80.8,7.1,0.5
277,MULTI_35,SVC,com,36.0,5.5,36.1,5.5,36.1,5.5,38.1,9.9,32.5,5.3,0.5
278,MULTI_35,SVC,spec,80.4,6.6,80.3,6.6,80.3,6.6,81.7,5.6,80.1,6.6,1.0
279,MULTI_35,SVC,com,35.4,5.4,35.4,5.3,35.4,5.3,35.7,8.4,32.0,5.3,1.0
280,MULTI_36,SVC,spec,65.0,13.9,64.8,14.1,64.8,14.1,67.3,12.7,64.9,14.0,0.1
281,MULTI_36,SVC,com,42.4,2.3,41.0,2.2,41.0,2.2,43.3,15.1,33.5,3.7,0.1
282,MULTI_36,SVC,spec,66.0,10.6,66.0,10.6,66.0,10.6,66.8,10.9,65.4,10.7,0.2
283,MULTI_36,SVC,com,44.5,4.4,43.5,4.0,43.5,4.0,44.8,13.1,37.5,5.8,0.2
284,MULTI_36,SVC,spec,68.6,8.4,68.5,8.2,68.5,8.2,70.5,8.3,67.8,8.4,0.5
285,MULTI_36,SVC,com,40.8,3.5,39.7,3.4,39.7,3.4,38.2,6.7,34.2,5.2,0.5
286,MULTI_36,SVC,spec,64.9,9.4,64.3,9.4,64.3,9.4,69.5,8.1,64.1,9.1,1.0
287,MULTI_36,SVC,com,42.4,6.8,41.3,6.3,41.3,6.3,42.8,14.7,36.2,5.7,1.0
288,MULTI_37,SVC,spec,69.7,8.3,69.8,8.2,69.8,8.2,70.1,8.7,69.5,8.3,0.1
289,MULTI_37,SVC,com,44.2,7.8,44.5,7.5,44.5,7.5,44.7,12.5,42.1,10.0,0.1
290,MULTI_37,SVC,spec,71.9,6.8,72.1,6.6,72.1,6.6,72.1,6.9,71.6,6.8,0.2
291,MULTI_37,SVC,com,45.8,6.8,46.1,6.5,46.1,6.5,49.7,5.9,44.1,8.3,0.2
292,MULTI_37,SVC,spec,71.9,8.7,72.0,8.8,72.0,8.8,72.7,9.1,71.7,8.8,0.5
293,MULTI_37,SVC,com,48.4,11.5,48.5,11.3,48.5,11.3,50.7,11.3,47.6,11.5,0.5
294,MULTI_37,SVC,spec,70.8,6.2,70.9,5.9,70.9,5.9,73.3,7.1,70.4,6.1,1.0
295,MULTI_37,SVC,com,48.9,9.7,49.1,9.3,49.1,9.3,50.8,8.7,47.8,9.9,1.0
296,MULTI_38,SVC,spec,75.8,3.9,75.8,4.0,75.8,4.0,77.5,3.5,75.9,3.6,0.1
297,MULTI_38,SVC,com,34.4,7.8,34.3,7.9,34.3,7.9,28.4,9.0,29.0,7.3,0.1
298,MULTI_38,SVC,spec,74.2,8.6,74.1,8.7,74.1,8.7,76.8,6.4,73.8,9.1,0.2
299,MULTI_38,SVC,com,33.3,7.7,33.1,7.6,33.1,7.6,29.1,8.1,28.4,6.4,0.2
300,MULTI_38,SVC,spec,76.3,5.9,76.2,5.8,76.2,5.8,78.9,4.6,75.9,5.9,0.5
301,MULTI_38,SVC,com,32.7,7.6,32.9,7.8,32.9,7.8,39.0,15.3,29.0,8.0,0.5
302,MULTI_38,SVC,spec,75.8,8.6,75.8,8.6,75.8,8.6,78.5,6.9,75.5,8.3,1.0
303,MULTI_38,SVC,com,35.0,9.9,34.8,9.9,34.8,9.9,32.9,10.4,33.1,10.0,1.0
304,MULTI_39,SVC,spec,71.3,6.4,71.4,6.4,71.4,6.4,71.8,6.2,70.4,7.0,0.1
305,MULTI_39,SVC,com,36.9,2.1,34.8,1.9,34.8,1.9,36.1,7.9,25.0,3.3,0.1
306,MULTI_39,SVC,spec,73.8,10.7,74.0,10.6,74.0,10.6,74.1,10.6,73.5,10.7,0.2
307,MULTI_39,SVC,com,36.9,2.1,34.8,1.9,34.8,1.9,36.1,7.9,25.0,3.3,0.2
308,MULTI_39,SVC,spec,72.8,5.5,73.0,5.5,73.0,5.5,73.3,5.4,72.7,5.6,0.5
309,MULTI_39,SVC,com,40.0,3.8,38.0,3.5,38.0,3.5,37.6,8.6,28.7,3.4,0.5
310,MULTI_39,SVC,spec,67.7,2.6,67.6,2.7,67.6,2.7,69.7,2.0,67.7,2.7,1.0
311,MULTI_39,SVC,com,35.4,5.2,33.8,4.8,33.8,4.8,35.9,6.8,27.7,4.6,1.0
312,MULTI_40,SVC,spec,67.0,8.8,67.2,9.0,67.2,9.0,68.5,8.0,66.9,8.6,0.1
313,MULTI_40,SVC,com,33.5,6.1,33.4,6.5,33.4,6.5,31.0,7.5,30.8,6.3,0.1
314,MULTI_40,SVC,spec,70.2,8.1,70.4,8.2,70.4,8.2,71.8,7.5,70.4,7.9,0.2
315,MULTI_40,SVC,com,32.9,5.2,32.9,5.5,32.9,5.5,30.5,6.6,30.4,5.5,0.2
316,MULTI_40,SVC,spec,70.2,11.1,70.5,11.4,70.5,11.4,71.9,11.3,69.9,10.9,0.5
317,MULTI_40,SVC,com,32.9,6.3,32.9,6.7,32.9,6.7,34.3,8.7,30.4,5.9,0.5
318,MULTI_40,SVC,spec,72.8,5.9,73.2,6.2,73.2,6.2,75.3,7.0,72.5,6.1,1.0
319,MULTI_40,SVC,com,37.1,8.4,37.0,8.7,37.0,8.7,38.1,6.3,34.7,7.3,1.0
320,MULTI_41,SVC,spec,68.1,5.1,67.9,5.0,67.9,5.0,69.3,5.6,68.0,4.8,0.1
321,MULTI_41,SVC,com,40.2,4.4,38.7,4.5,38.7,4.5,40.0,11.9,33.7,3.8,0.1
322,MULTI_41,SVC,spec,71.7,5.0,71.2,5.3,71.2,5.3,72.7,5.0,71.0,5.3,0.2
323,MULTI_41,SVC,com,39.7,3.9,38.3,4.2,38.3,4.2,38.8,12.3,33.4,4.0,0.2
324,MULTI_41,SVC,spec,71.7,6.2,71.4,6.4,71.4,6.4,72.8,6.4,71.0,6.3,0.5
325,MULTI_41,SVC,com,39.2,3.9,38.1,3.9,38.1,3.9,34.9,5.3,35.1,5.4,0.5
326,MULTI_41,SVC,spec,67.6,6.6,67.3,6.5,67.3,6.5,70.6,6.4,67.4,6.6,1.0
327,MULTI_41,SVC,com,37.2,7.8,35.9,7.2,35.9,7.2,36.6,9.3,33.5,6.0,1.0
328,MULTI_42,SVC,spec,69.6,8.5,69.7,8.5,69.7,8.5,70.4,9.2,69.5,8.5,0.1
329,MULTI_42,SVC,com,39.0,8.2,39.3,7.7,39.3,7.7,33.2,13.6,33.7,8.5,0.1
330,MULTI_42,SVC,spec,71.6,4.5,71.7,4.5,71.7,4.5,73.3,5.0,71.6,4.7,0.2
331,MULTI_42,SVC,com,41.7,7.4,42.1,7.1,42.1,7.1,42.1,11.8,36.4,8.3,0.2
332,MULTI_42,SVC,spec,74.8,3.8,74.9,4.0,74.9,4.0,76.8,3.8,74.7,3.9,0.5
333,MULTI_42,SVC,com,43.3,5.4,43.7,5.1,43.7,5.1,42.0,12.1,39.5,7.1,0.5
334,MULTI_42,SVC,spec,74.8,4.8,75.0,4.8,75.0,4.8,76.6,4.0,74.8,4.8,1.0
335,MULTI_42,SVC,com,43.9,4.9,44.0,4.8,44.0,4.8,48.2,5.1,42.2,5.0,1.0
336,MULTI_43,SVC,spec,77.3,4.0,77.2,4.3,77.2,4.3,79.8,3.0,77.0,4.1,0.1
337,MULTI_43,SVC,com,33.5,5.0,33.6,5.4,33.6,5.4,35.5,14.0,28.6,5.1,0.1
338,MULTI_43,SVC,spec,76.2,9.9,76.1,10.0,76.1,10.0,78.9,7.9,76.0,9.8,0.2
339,MULTI_43,SVC,com,31.9,3.2,32.0,3.8,32.0,3.8,31.9,6.9,28.4,2.8,0.2
340,MULTI_43,SVC,spec,81.6,7.9,81.5,8.0,81.5,8.0,82.9,6.5,81.1,7.9,0.5
341,MULTI_43,SVC,com,33.5,4.4,33.6,4.7,33.6,4.7,35.3,6.8,31.2,4.5,0.5
342,MULTI_43,SVC,spec,79.5,8.1,79.3,8.3,79.3,8.3,81.2,7.2,78.5,8.9,1.0
343,MULTI_43,SVC,com,42.2,3.2,42.3,3.3,42.3,3.3,40.8,6.6,39.1,4.2,1.0
344,MULTI_44,SVC,spec,70.9,9.5,71.0,9.8,71.0,9.8,72.6,10.7,70.4,9.6,0.1
345,MULTI_44,SVC,com,44.7,3.9,44.7,4.4,44.7,4.4,48.7,5.3,42.3,4.0,0.1
346,MULTI_44,SVC,spec,71.5,5.6,71.7,5.8,71.7,5.8,72.4,5.6,71.3,5.4,0.2
347,MULTI_44,SVC,com,45.2,4.6,45.2,5.0,45.2,5.0,48.6,4.9,43.1,4.9,0.2
348,MULTI_44,SVC,spec,78.0,3.2,78.1,3.4,78.1,3.4,78.6,3.2,77.5,3.3,0.5
349,MULTI_44,SVC,com,50.5,4.6,50.5,4.7,50.5,4.7,53.3,7.4,48.4,5.9,0.5
350,MULTI_44,SVC,spec,74.2,3.8,74.1,4.1,74.1,4.1,76.9,5.2,73.4,3.7,1.0
351,MULTI_44,SVC,com,48.9,3.7,49.0,3.5,49.0,3.5,51.4,5.4,46.1,5.8,1.0
352,MULTI_45,SVC,spec,68.3,7.8,67.8,7.7,67.8,7.7,72.5,4.1,66.9,9.0,0.1
353,MULTI_45,SVC,com,42.8,4.7,41.1,5.2,41.1,5.2,43.2,9.9,38.0,8.1,0.1
354,MULTI_45,SVC,spec,74.0,7.7,73.5,7.9,73.5,7.9,77.1,5.6,73.0,8.9,0.2
355,MULTI_45,SVC,com,46.4,4.3,44.7,4.8,44.7,4.8,46.8,7.3,41.9,6.1,0.2
356,MULTI_45,SVC,spec,69.9,4.8,69.1,5.1,69.1,5.1,72.1,3.2,68.5,6.0,0.5
357,MULTI_45,SVC,com,49.5,6.2,47.9,6.9,47.9,6.9,49.1,5.8,44.8,7.0,0.5
358,MULTI_45,SVC,spec,71.9,8.2,71.1,8.1,71.1,8.1,73.9,7.3,70.4,9.9,1.0
359,MULTI_45,SVC,com,45.9,6.3,44.6,6.8,44.6,6.8,46.3,5.6,42.6,7.7,1.0
360,MULTI_46,SVC,spec,67.9,5.1,67.6,5.5,67.6,5.5,70.1,4.6,67.3,5.5,0.1
361,MULTI_46,SVC,com,42.6,3.1,42.7,3.0,42.7,3.0,45.5,3.1,42.9,3.3,0.1
362,MULTI_46,SVC,spec,67.4,9.5,67.1,9.7,67.1,9.7,67.8,9.6,66.7,9.6,0.2
363,MULTI_46,SVC,com,43.2,3.6,43.3,3.4,43.3,3.4,44.8,2.8,43.0,3.7,0.2
364,MULTI_46,SVC,spec,67.4,8.4,67.1,8.6,67.1,8.6,69.6,8.1,66.6,8.1,0.5
365,MULTI_46,SVC,com,46.3,4.6,46.3,4.9,46.3,4.9,46.8,5.1,45.5,4.7,0.5
366,MULTI_46,SVC,spec,62.6,7.3,62.1,7.4,62.1,7.4,65.7,9.3,61.1,7.1,1.0
367,MULTI_46,SVC,com,40.5,5.2,40.3,5.1,40.3,5.1,41.4,4.9,40.3,5.1,1.0
368,MULTI_47,SVC,spec,69.9,7.1,69.8,7.1,69.8,7.1,71.8,3.9,69.4,6.8,0.1
369,MULTI_47,SVC,com,33.3,7.5,33.8,7.6,33.8,7.6,38.5,10.5,30.3,6.6,0.1
370,MULTI_47,SVC,spec,72.0,5.1,72.0,5.1,72.0,5.1,73.0,5.1,71.5,5.1,0.2
371,MULTI_47,SVC,com,32.3,7.7,32.7,7.8,32.7,7.8,35.4,11.1,29.5,6.3,0.2
372,MULTI_47,SVC,spec,73.1,5.5,73.1,5.7,73.1,5.7,75.3,5.3,72.2,6.4,0.5
373,MULTI_47,SVC,com,34.4,9.6,35.0,9.6,35.0,9.6,37.8,13.2,29.4,8.4,0.5
374,MULTI_47,SVC,spec,68.3,5.1,68.1,4.9,68.1,4.9,72.1,5.2,66.3,4.2,1.0
375,MULTI_47,SVC,com,36.0,9.0,36.3,8.9,36.3,8.9,38.0,10.6,31.2,8.3,1.0
376,MULTI_48,SVC,spec,65.3,6.9,65.0,7.5,65.0,7.5,66.5,8.9,64.6,8.2,0.1
377,MULTI_48,SVC,com,38.8,4.2,38.2,4.0,38.2,4.0,36.3,13.4,34.7,9.3,0.1
378,MULTI_48,SVC,spec,69.0,8.9,68.6,9.4,68.6,9.4,70.9,9.2,68.4,9.8,0.2
379,MULTI_48,SVC,com,37.2,5.9,36.4,5.8,36.4,5.8,37.2,10.9,34.9,7.7,0.2
380,MULTI_48,SVC,spec,70.5,7.4,70.0,7.6,70.0,7.6,72.3,6.9,69.9,7.5,0.5
381,MULTI_48,SVC,com,41.4,7.0,40.4,7.0,40.4,7.0,38.3,15.7,36.2,11.3,0.5
382,MULTI_48,SVC,spec,63.3,4.7,62.8,5.2,62.8,5.2,66.0,3.5,63.0,5.4,1.0
383,MULTI_48,SVC,com,42.5,5.8,41.6,6.0,41.6,6.0,45.0,11.2,39.8,6.1,1.0
384,MULTI_49,SVC,spec,71.6,4.2,71.8,4.0,71.8,4.0,72.7,4.0,71.3,4.2,0.1
385,MULTI_49,SVC,com,34.9,7.9,34.6,8.1,34.6,8.1,32.2,10.1,30.8,10.1,0.1
386,MULTI_49,SVC,spec,67.3,7.7,67.4,7.5,67.4,7.5,67.5,7.7,66.8,7.8,0.2
387,MULTI_49,SVC,com,33.8,7.6,33.8,7.8,33.8,7.8,31.1,10.7,31.2,9.9,0.2
388,MULTI_49,SVC,spec,75.9,6.1,76.0,6.1,76.0,6.1,77.5,6.2,75.8,6.1,0.5
389,MULTI_49,SVC,com,34.3,4.4,34.4,4.5,34.4,4.5,32.7,6.2,30.6,4.8,0.5
390,MULTI_49,SVC,spec,77.0,7.4,77.1,7.4,77.1,7.4,79.6,5.9,77.0,7.3,1.0
391,MULTI_49,SVC,com,35.3,4.4,35.1,4.8,35.1,4.8,35.1,9.8,29.5,5.1,1.0
392,MULTI_50,SVC,spec,72.2,5.7,72.3,5.8,72.3,5.8,73.2,6.0,72.0,5.6,0.1
393,MULTI_50,SVC,com,37.5,3.9,37.7,4.2,37.7,4.2,52.6,14.2,35.9,1.6,0.1
394,MULTI_50,SVC,spec,77.5,10.1,77.6,10.1,77.6,10.1,78.4,10.4,77.4,10.2,0.2
395,MULTI_50,SVC,com,36.9,3.2,37.1,3.4,37.1,3.4,50.0,6.5,35.5,1.8,0.2
396,MULTI_50,SVC,spec,78.5,10.3,78.7,10.2,78.7,10.2,79.8,10.4,78.5,10.3,0.5
397,MULTI_50,SVC,com,35.8,7.0,35.9,6.9,35.9,6.9,38.1,8.6,33.7,7.1,0.5
398,MULTI_50,SVC,spec,77.0,6.9,77.1,6.9,77.1,6.9,79.5,5.9,76.9,6.9,1.0
399,MULTI_50,SVC,com,47.7,7.9,47.6,7.7,47.6,7.7,53.0,6.5,46.6,7.4,1.0
400,MULTI_51,SVC,spec,77.6,3.8,77.7,3.8,77.7,3.8,78.1,3.4,77.5,3.8,0.1
401,MULTI_51,SVC,com,45.2,9.0,45.6,9.0,45.6,9.0,51.4,13.8,43.7,8.6,0.1
402,MULTI_51,SVC,spec,74.5,3.9,74.3,4.1,74.3,4.1,75.6,4.0,74.4,4.2,0.2
403,MULTI_51,SVC,com,42.1,8.1,42.5,8.1,42.5,8.1,51.4,15.0,40.3,7.2,0.2
404,MULTI_51,SVC,spec,75.5,5.7,75.5,5.7,75.5,5.7,76.8,5.6,75.2,5.7,0.5
405,MULTI_51,SVC,com,43.7,9.4,43.9,9.4,43.9,9.4,50.5,13.6,41.5,9.9,0.5
406,MULTI_51,SVC,spec,75.5,7.1,75.2,6.9,75.2,6.9,78.1,6.8,74.9,7.0,1.0
407,MULTI_51,SVC,com,43.2,6.1,43.4,6.3,43.4,6.3,49.1,10.1,42.3,5.3,1.0
408,MULTI_52,SVC,spec,68.1,5.2,68.3,5.2,68.3,5.2,69.7,5.8,67.6,5.7,0.1
409,MULTI_52,SVC,com,41.5,7.0,41.1,7.1,41.1,7.1,44.8,10.9,36.6,8.5,0.1
410,MULTI_52,SVC,spec,69.2,4.6,69.3,4.4,69.3,4.4,71.7,4.3,68.6,4.5,0.2
411,MULTI_52,SVC,com,40.5,6.3,40.0,6.3,40.0,6.3,42.1,13.9,35.0,7.0,0.2
412,MULTI_52,SVC,spec,69.2,6.6,69.2,6.4,69.2,6.4,72.2,7.6,69.1,6.9,0.5
413,MULTI_52,SVC,com,44.7,3.4,44.4,3.3,44.4,3.3,48.2,9.4,39.7,2.8,0.5
414,MULTI_52,SVC,spec,71.9,8.1,72.1,8.0,72.1,8.0,75.5,7.3,72.1,8.1,1.0
415,MULTI_52,SVC,com,42.0,5.3,41.9,5.4,41.9,5.4,42.9,8.0,38.9,6.8,1.0
416,MULTI_53,SVC,spec,66.3,8.4,66.2,8.5,66.2,8.5,67.6,8.9,66.1,8.5,0.1
417,MULTI_53,SVC,com,41.9,10.2,41.9,10.3,41.9,10.3,43.5,10.7,40.5,10.3,0.1
418,MULTI_53,SVC,spec,71.0,8.8,71.1,8.6,71.1,8.6,72.7,7.4,71.0,8.6,0.2
419,MULTI_53,SVC,com,43.5,9.9,43.8,10.0,43.8,10.0,48.5,11.6,41.4,9.8,0.2
420,MULTI_53,SVC,spec,69.9,8.9,69.9,8.9,69.9,8.9,72.6,9.0,69.8,8.8,0.5
421,MULTI_53,SVC,com,44.0,6.4,44.4,6.6,44.4,6.6,47.6,9.0,41.1,6.2,0.5
422,MULTI_53,SVC,spec,72.5,11.8,72.5,11.8,72.5,11.8,75.6,10.2,72.2,12.0,1.0
423,MULTI_53,SVC,com,42.9,8.7,43.3,8.8,43.3,8.8,50.2,11.2,41.1,8.5,1.0
424,MULTI_54,SVC,spec,72.4,5.8,72.4,5.7,72.4,5.7,73.5,5.8,72.3,5.6,0.1
425,MULTI_54,SVC,com,36.2,5.0,36.2,5.1,36.2,5.1,37.5,7.0,33.2,5.5,0.1
426,MULTI_54,SVC,spec,71.9,6.5,71.9,6.5,71.9,6.5,72.6,5.9,71.6,6.4,0.2
427,MULTI_54,SVC,com,36.2,5.0,36.3,5.1,36.3,5.1,37.7,7.1,33.4,5.7,0.2
428,MULTI_54,SVC,spec,71.4,6.3,71.3,6.2,71.3,6.2,72.6,5.9,71.0,6.4,0.5
429,MULTI_54,SVC,com,35.7,5.8,35.8,5.8,35.8,5.8,37.5,7.3,32.9,6.3,0.5
430,MULTI_54,SVC,spec,77.3,7.9,77.2,8.0,77.2,8.0,78.8,8.0,77.0,8.2,1.0
431,MULTI_54,SVC,com,35.1,4.5,35.3,4.8,35.3,4.8,36.6,7.0,32.7,5.2,1.0
432,MULTI_55,SVC,spec,73.6,7.4,73.5,7.2,73.5,7.2,74.7,7.1,73.2,7.5,0.1
433,MULTI_55,SVC,com,35.0,4.9,35.3,5.0,35.3,5.0,36.1,7.4,31.0,6.3,0.1
434,MULTI_55,SVC,spec,71.0,3.1,71.0,3.2,71.0,3.2,71.7,3.7,70.7,3.1,0.2
435,MULTI_55,SVC,com,36.6,3.8,36.8,4.1,36.8,4.1,33.0,12.2,29.7,8.3,0.2
436,MULTI_55,SVC,spec,74.2,5.1,74.4,5.0,74.4,5.0,76.7,3.4,73.8,4.9,0.5
437,MULTI_55,SVC,com,28.0,2.8,27.9,2.7,27.9,2.7,25.6,8.6,25.1,6.3,0.5
438,MULTI_55,SVC,spec,70.4,6.1,70.4,6.0,70.4,6.0,74.8,5.6,70.5,6.1,1.0
439,MULTI_55,SVC,com,40.8,8.4,41.0,8.5,41.0,8.5,41.9,8.3,39.4,8.5,1.0
440,MULTI_56,SVC,spec,67.6,2.4,67.4,2.3,67.4,2.3,68.6,1.6,67.5,1.9,0.1
441,MULTI_56,SVC,com,45.4,7.1,45.3,6.7,45.3,6.7,47.8,4.5,43.7,7.9,0.1
442,MULTI_56,SVC,spec,70.3,6.8,69.9,7.1,69.9,7.1,71.2,6.7,69.7,7.4,0.2
443,MULTI_56,SVC,com,47.0,4.4,47.0,3.9,47.0,3.9,49.9,2.5,45.5,4.7,0.2
444,MULTI_56,SVC,spec,70.3,4.8,70.0,4.8,70.0,4.8,71.3,4.9,69.6,4.6,0.5
445,MULTI_56,SVC,com,47.6,2.8,47.6,2.4,47.6,2.4,52.3,6.8,45.6,2.7,0.5
446,MULTI_56,SVC,spec,65.4,3.2,65.5,2.9,65.5,2.9,69.3,4.1,64.9,2.2,1.0
447,MULTI_56,SVC,com,46.5,4.0,46.3,3.6,46.3,3.6,47.0,3.2,45.5,3.5,1.0
448,MULTI_57,SVC,spec,66.1,6.8,66.0,6.6,66.0,6.6,67.2,6.0,66.1,6.5,0.1
449,MULTI_57,SVC,com,37.6,3.5,37.8,3.7,37.8,3.7,41.6,6.3,36.1,4.6,0.1
450,MULTI_57,SVC,spec,70.4,3.3,70.4,3.2,70.4,3.2,71.3,3.6,70.4,3.5,0.2
451,MULTI_57,SVC,com,38.6,2.8,38.9,3.1,38.9,3.1,39.6,3.4,37.8,2.5,0.2
452,MULTI_57,SVC,spec,75.1,1.5,75.1,1.6,75.1,1.6,75.7,1.5,74.8,1.2,0.5
453,MULTI_57,SVC,com,40.2,5.1,40.4,5.2,40.4,5.2,46.1,7.8,36.6,6.9,0.5
454,MULTI_57,SVC,spec,71.9,2.4,72.0,2.3,72.0,2.3,72.7,3.0,71.5,2.1,1.0
455,MULTI_57,SVC,com,34.4,7.3,34.7,7.2,34.7,7.2,44.0,12.9,29.6,7.7,1.0
456,MULTI_58,SVC,spec,72.1,2.1,72.2,1.9,72.2,1.9,73.4,2.8,72.2,2.1,0.1
457,MULTI_58,SVC,com,32.1,3.9,31.9,3.5,31.9,3.5,29.7,10.0,25.1,5.5,0.1
458,MULTI_58,SVC,spec,74.7,6.8,74.9,6.7,74.9,6.7,76.3,5.8,74.8,6.6,0.2
459,MULTI_58,SVC,com,32.1,4.8,31.8,4.7,31.8,4.7,35.3,16.6,26.2,6.8,0.2
460,MULTI_58,SVC,spec,75.8,3.1,76.0,3.1,76.0,3.1,78.7,3.4,75.9,3.1,0.5
461,MULTI_58,SVC,com,33.7,3.1,33.6,3.2,33.6,3.2,31.3,6.1,29.8,5.4,0.5
462,MULTI_58,SVC,spec,82.1,3.5,82.2,3.6,82.2,3.6,84.2,2.8,82.1,3.3,1.0
463,MULTI_58,SVC,com,38.4,3.9,38.4,4.0,38.4,4.0,38.5,3.2,37.7,2.8,1.0
464,MULTI_59,SVC,spec,68.9,3.9,68.9,4.0,68.9,4.0,71.4,2.6,68.9,4.2,0.1
465,MULTI_59,SVC,com,35.8,7.0,36.2,6.8,36.2,6.8,31.9,12.4,32.7,10.4,0.1
466,MULTI_59,SVC,spec,72.1,6.4,72.1,6.5,72.1,6.5,73.7,5.2,71.8,6.3,0.2
467,MULTI_59,SVC,com,34.2,3.7,34.8,3.8,34.8,3.8,35.0,8.4,28.9,6.5,0.2
468,MULTI_59,SVC,spec,73.7,6.9,73.7,7.0,73.7,7.0,76.2,4.6,73.2,7.1,0.5
469,MULTI_59,SVC,com,38.4,6.8,38.6,6.4,38.6,6.4,43.7,8.8,37.9,7.2,0.5
470,MULTI_59,SVC,spec,73.7,5.8,73.6,5.9,73.6,5.9,77.2,4.8,72.7,6.1,1.0
471,MULTI_59,SVC,com,44.7,2.4,44.7,2.6,44.7,2.6,46.8,2.3,43.7,2.2,1.0
472,MULTI_60,SVC,spec,73.0,2.9,73.1,2.8,73.1,2.8,73.6,2.7,72.4,2.9,0.1
473,MULTI_60,SVC,com,30.2,9.9,30.0,9.3,30.0,9.3,25.3,8.0,25.4,7.9,0.1
474,MULTI_60,SVC,spec,74.6,2.6,74.8,2.5,74.8,2.5,75.4,2.5,74.0,2.7,0.2
475,MULTI_60,SVC,com,28.1,5.2,27.8,4.5,27.8,4.5,31.0,13.3,22.9,3.8,0.2
476,MULTI_60,SVC,spec,76.7,4.3,76.9,4.4,76.9,4.4,77.7,4.6,76.3,4.4,0.5
477,MULTI_60,SVC,com,33.9,5.2,33.8,5.2,33.8,5.2,32.0,7.6,30.7,6.9,0.5
478,MULTI_60,SVC,spec,69.4,5.7,69.7,5.5,69.7,5.5,72.0,6.5,69.0,6.2,1.0
479,MULTI_60,SVC,com,40.2,2.9,40.0,3.0,40.0,3.0,40.4,3.9,38.1,3.3,1.0
480,MULTI_61,SVC,spec,70.8,8.8,70.7,8.8,70.7,8.8,71.7,9.0,70.3,9.2,0.1
481,MULTI_61,SVC,com,38.4,6.7,38.3,6.8,38.3,6.8,30.9,10.2,30.0,10.6,0.1
482,MULTI_61,SVC,spec,73.0,5.7,72.9,5.7,72.9,5.7,74.7,3.8,72.5,6.1,0.2
483,MULTI_61,SVC,com,37.8,6.4,38.1,6.2,38.1,6.2,30.2,14.5,31.9,11.2,0.2
484,MULTI_61,SVC,spec,76.2,5.0,76.1,5.0,76.1,5.0,78.5,4.3,75.9,5.3,0.5
485,MULTI_61,SVC,com,39.5,5.3,39.4,5.2,39.4,5.2,36.0,8.3,35.3,6.2,0.5
486,MULTI_61,SVC,spec,77.3,3.7,77.1,3.8,77.1,3.8,78.3,3.9,77.0,4.0,1.0
487,MULTI_61,SVC,com,38.9,5.0,38.8,5.3,38.8,5.3,37.4,5.8,36.2,4.7,1.0
488,MULTI_62,SVC,spec,72.0,6.2,71.8,6.5,71.8,6.5,74.2,5.6,71.7,6.2,0.1
489,MULTI_62,SVC,com,39.2,3.9,38.9,4.3,38.9,4.3,40.4,7.1,34.2,6.0,0.1
490,MULTI_62,SVC,spec,78.8,2.8,78.8,3.0,78.8,3.0,79.6,1.9,78.5,2.7,0.2
491,MULTI_62,SVC,com,32.8,4.1,32.4,4.2,32.4,4.2,31.3,8.9,27.3,5.6,0.2
492,MULTI_62,SVC,spec,77.8,5.1,77.8,5.2,77.8,5.2,79.1,2.9,77.3,5.1,0.5
493,MULTI_62,SVC,com,38.6,5.3,38.2,5.3,38.2,5.3,37.4,9.3,33.1,5.6,0.5
494,MULTI_62,SVC,spec,73.6,4.3,73.5,4.2,73.5,4.2,75.9,4.2,73.1,4.1,1.0
495,MULTI_62,SVC,com,34.9,5.9,34.4,6.0,34.4,6.0,30.4,12.7,28.3,8.9,1.0
496,MULTI_63,SVC,spec,71.1,7.9,71.1,8.0,71.1,8.0,71.4,8.0,70.6,7.9,0.1
497,MULTI_63,SVC,com,42.2,5.6,41.6,6.0,41.6,6.0,41.7,13.4,37.6,9.5,0.1
498,MULTI_63,SVC,spec,71.6,5.9,71.5,5.6,71.5,5.6,71.6,5.3,70.9,5.7,0.2
499,MULTI_63,SVC,com,42.2,7.2,41.8,7.6,41.8,7.6,41.8,9.6,39.2,8.5,0.2
500,MULTI_63,SVC,spec,71.6,5.6,71.3,5.1,71.3,5.1,72.4,5.5,71.1,5.1,0.5
501,MULTI_63,SVC,com,46.4,6.3,45.6,6.5,45.6,6.5,48.2,7.8,45.0,7.7,0.5
502,MULTI_63,SVC,spec,64.4,8.9,63.7,8.5,63.7,8.5,66.2,8.0,62.4,8.4,1.0
503,MULTI_63,SVC,com,50.5,4.1,50.0,4.2,50.0,4.2,53.3,5.5,49.3,4.0,1.0
504,MULTI_64,SVC,spec,72.0,7.6,72.1,7.5,72.1,7.5,73.1,7.7,72.1,7.6,0.1
505,MULTI_64,SVC,com,34.9,2.6,35.0,2.9,35.0,2.9,33.7,3.9,33.5,1.5,0.1
506,MULTI_64,SVC,spec,70.9,4.8,70.9,4.9,70.9,4.9,71.3,5.3,70.8,5.0,0.2
507,MULTI_64,SVC,com,34.9,2.6,35.1,2.8,35.1,2.8,33.3,3.9,33.3,1.5,0.2
508,MULTI_64,SVC,spec,73.0,5.6,73.0,5.5,73.0,5.5,74.4,6.6,72.9,6.0,0.5
509,MULTI_64,SVC,com,32.3,5.2,32.5,5.3,32.5,5.3,27.3,4.0,29.1,3.7,0.5
510,MULTI_64,SVC,spec,73.0,5.0,73.0,5.1,73.0,5.1,74.4,5.0,73.1,5.5,1.0
511,MULTI_64,SVC,com,34.4,8.0,34.4,7.9,34.4,7.9,29.7,9.0,30.4,6.4,1.0
512,MULTI_65,SVC,spec,70.2,6.1,70.2,6.3,70.2,6.3,71.9,6.1,70.1,6.3,0.1
513,MULTI_65,SVC,com,45.8,6.4,45.7,6.1,45.7,6.1,45.5,5.7,45.0,6.3,0.1
514,MULTI_65,SVC,spec,70.2,7.5,70.2,7.7,70.2,7.7,71.7,8.1,69.9,7.7,0.2
515,MULTI_65,SVC,com,45.8,6.4,45.7,6.0,45.7,6.0,44.9,6.3,44.6,6.6,0.2
516,MULTI_65,SVC,spec,71.2,9.9,71.2,9.9,71.2,9.9,72.7,10.2,70.8,10.4,0.5
517,MULTI_65,SVC,com,44.8,10.1,44.4,9.8,44.4,9.8,43.6,9.7,43.4,9.7,0.5
518,MULTI_65,SVC,spec,72.8,10.7,72.9,10.6,72.9,10.6,74.6,9.8,72.6,11.1,1.0
519,MULTI_65,SVC,com,44.2,9.4,44.1,9.5,44.1,9.5,44.6,10.8,43.5,10.4,1.0
520,MULTI_66,SVC,spec,71.2,5.2,71.3,4.9,71.3,4.9,71.5,5.6,70.6,6.0,0.1
521,MULTI_66,SVC,com,40.9,6.6,41.1,6.4,41.1,6.4,39.3,10.5,37.6,8.6,0.1
522,MULTI_66,SVC,spec,72.3,5.6,72.4,5.5,72.4,5.5,72.9,5.7,72.1,6.0,0.2
523,MULTI_66,SVC,com,38.8,6.6,39.1,6.5,39.1,6.5,35.2,11.0,34.5,8.5,0.2
524,MULTI_66,SVC,spec,74.5,5.0,74.4,4.9,74.4,4.9,75.9,4.5,74.5,4.9,0.5
525,MULTI_66,SVC,com,37.7,7.5,37.8,7.2,37.8,7.2,43.6,11.3,35.5,8.1,0.5
526,MULTI_66,SVC,spec,75.0,4.4,75.0,4.3,75.0,4.3,77.3,2.5,75.0,3.9,1.0
527,MULTI_66,SVC,com,33.5,7.7,33.5,7.6,33.5,7.6,34.1,7.9,31.6,7.3,1.0
528,MULTI_67,SVC,spec,74.0,7.7,73.9,7.9,73.9,7.9,75.2,7.5,73.6,8.0,0.1
529,MULTI_67,SVC,com,42.0,4.8,42.1,5.0,42.1,5.0,45.9,5.1,40.6,5.9,0.1
530,MULTI_67,SVC,spec,77.1,4.3,77.3,4.3,77.3,4.3,77.7,4.7,76.7,4.7,0.2
531,MULTI_67,SVC,com,39.9,4.7,39.9,4.7,39.9,4.7,47.5,9.0,36.2,7.1,0.2
532,MULTI_67,SVC,spec,77.1,5.8,77.1,5.9,77.1,5.9,78.9,5.3,76.7,5.6,0.5
533,MULTI_67,SVC,com,36.7,3.3,36.8,3.1,36.8,3.1,44.8,6.4,34.8,4.6,0.5
534,MULTI_67,SVC,spec,76.6,6.2,76.6,6.3,76.6,6.3,79.1,5.3,76.1,6.1,1.0
535,MULTI_67,SVC,com,36.2,8.4,36.3,8.3,36.3,8.3,32.4,9.9,32.2,6.5,1.0
536,MULTI_68,SVC,spec,64.1,11.2,64.1,11.3,64.1,11.3,67.3,10.8,64.2,10.8,0.1
537,MULTI_68,SVC,com,40.7,3.5,41.4,3.6,41.4,3.6,43.3,5.8,35.8,5.6,0.1
538,MULTI_68,SVC,spec,70.4,10.4,70.4,10.4,70.4,10.4,72.4,9.6,70.0,9.8,0.2
539,MULTI_68,SVC,com,40.8,3.7,41.4,4.2,41.4,4.2,39.8,8.8,34.3,5.1,0.2
540,MULTI_68,SVC,spec,73.1,8.9,73.2,8.9,73.2,8.9,75.1,8.1,72.7,8.7,0.5
541,MULTI_68,SVC,com,38.6,4.7,39.2,5.1,39.2,5.1,44.0,10.7,34.8,4.2,0.5
542,MULTI_68,SVC,spec,66.1,7.7,66.2,7.8,66.2,7.8,68.4,7.1,64.9,7.1,1.0
543,MULTI_68,SVC,com,38.1,2.6,38.5,2.4,38.5,2.4,39.1,7.2,34.3,4.6,1.0
544,MULTI_69,SVC,spec,70.8,4.3,70.6,4.5,70.6,4.5,70.4,4.8,69.5,5.1,0.1
545,MULTI_69,SVC,com,49.5,3.0,48.0,3.1,48.0,3.1,52.3,3.2,43.7,2.7,0.1
546,MULTI_69,SVC,spec,75.0,2.8,74.7,3.2,74.7,3.2,75.0,3.3,73.9,3.7,0.2
547,MULTI_69,SVC,com,49.0,3.6,47.6,3.9,47.6,3.9,51.1,2.7,44.5,3.0,0.2
548,MULTI_69,SVC,spec,72.9,6.5,72.4,6.6,72.4,6.6,73.7,7.1,71.5,7.3,0.5
549,MULTI_69,SVC,com,49.5,3.4,48.2,3.6,48.2,3.6,50.0,4.0,45.1,3.5,0.5
550,MULTI_69,SVC,spec,67.6,5.7,66.8,5.4,66.8,5.4,71.4,5.8,66.0,6.3,1.0
551,MULTI_69,SVC,com,48.4,5.2,46.9,5.3,46.9,5.3,54.1,7.6,42.8,5.2,1.0
552,MULTI_70,SVC,spec,71.0,10.8,71.2,10.9,71.2,10.9,72.7,10.5,70.6,11.2,0.1
553,MULTI_70,SVC,com,34.4,8.7,34.5,8.5,34.5,8.5,32.2,10.7,32.1,9.8,0.1
554,MULTI_70,SVC,spec,69.9,7.3,70.0,7.2,70.0,7.2,71.4,7.3,69.0,7.8,0.2
555,MULTI_70,SVC,com,34.4,5.1,34.1,4.9,34.1,4.9,35.4,9.9,30.3,7.4,0.2
556,MULTI_70,SVC,spec,72.0,3.6,72.2,3.7,72.2,3.7,73.3,3.7,71.3,4.0,0.5
557,MULTI_70,SVC,com,36.0,5.9,36.3,5.7,36.3,5.7,36.2,11.8,31.4,5.4,0.5
558,MULTI_70,SVC,spec,73.2,4.5,73.0,4.9,73.0,4.9,76.3,5.7,72.8,5.0,1.0
559,MULTI_70,SVC,com,40.8,2.8,41.0,2.5,41.0,2.5,40.3,9.1,35.9,3.1,1.0
560,MULTI_71,SVC,spec,73.3,6.0,73.4,5.8,73.4,5.8,74.2,6.4,73.4,6.1,0.1
561,MULTI_71,SVC,com,37.7,2.0,36.6,1.7,36.6,1.7,38.5,4.2,33.9,2.8,0.1
562,MULTI_71,SVC,spec,75.4,6.7,75.6,6.6,75.6,6.6,76.6,6.7,75.4,6.8,0.2
563,MULTI_71,SVC,com,39.8,8.0,39.1,7.9,39.1,7.9,39.4,7.9,37.2,8.1,0.2
564,MULTI_71,SVC,spec,76.0,6.4,76.1,6.1,76.1,6.1,76.9,6.6,75.8,6.6,0.5
565,MULTI_71,SVC,com,35.1,12.8,34.5,12.4,34.5,12.4,34.0,11.6,32.7,12.5,0.5
566,MULTI_71,SVC,spec,75.0,9.6,75.0,9.3,75.0,9.3,76.4,9.6,74.8,9.7,1.0
567,MULTI_71,SVC,com,37.7,4.9,36.7,4.7,36.7,4.7,39.2,7.4,33.3,3.7,1.0
568,MULTI_72,SVC,spec,69.3,3.7,69.5,3.7,69.5,3.7,72.5,4.9,69.1,3.2,0.1
569,MULTI_72,SVC,com,36.6,7.4,36.2,7.5,36.2,7.5,40.6,9.6,34.4,8.0,0.1
570,MULTI_72,SVC,spec,72.6,2.9,72.7,2.9,72.7,2.9,75.2,2.3,72.5,3.5,0.2
571,MULTI_72,SVC,com,37.1,2.2,36.9,2.3,36.9,2.3,38.3,3.0,35.7,2.4,0.2
572,MULTI_72,SVC,spec,78.0,4.6,78.2,4.7,78.2,4.7,81.2,2.9,78.2,4.3,0.5
573,MULTI_72,SVC,com,36.0,1.5,36.0,1.6,36.0,1.6,35.1,6.3,33.3,2.5,0.5
574,MULTI_72,SVC,spec,78.5,3.7,78.7,3.8,78.7,3.8,82.0,2.2,78.8,3.7,1.0
575,MULTI_72,SVC,com,39.3,3.9,39.3,3.7,39.3,3.7,39.6,4.4,37.9,3.3,1.0
576,MULTI_73,SVC,spec,65.3,6.3,65.4,6.5,65.4,6.5,66.8,6.0,65.0,5.8,0.1
577,MULTI_73,SVC,com,43.2,9.1,42.9,9.0,42.9,9.0,43.4,10.6,41.0,8.0,0.1
578,MULTI_73,SVC,spec,64.2,5.9,64.3,6.1,64.3,6.1,66.9,3.4,63.7,6.1,0.2
579,MULTI_73,SVC,com,39.5,6.9,39.8,6.8,39.8,6.8,40.0,9.9,36.8,10.1,0.2
580,MULTI_73,SVC,spec,63.7,4.5,63.8,4.7,63.8,4.7,65.4,5.5,63.5,4.4,0.5
581,MULTI_73,SVC,com,38.4,7.0,38.8,6.7,38.8,6.7,40.3,8.9,37.4,7.9,0.5
582,MULTI_73,SVC,spec,65.8,6.0,65.7,6.4,65.7,6.4,68.2,7.2,64.9,6.8,1.0
583,MULTI_73,SVC,com,36.3,8.2,36.8,7.9,36.8,7.9,38.0,11.3,34.9,9.5,1.0
584,MULTI_74,SVC,spec,70.1,5.3,70.0,5.3,70.0,5.3,71.6,6.1,70.0,5.5,0.1
585,MULTI_74,SVC,com,37.1,3.4,37.3,3.4,37.3,3.4,37.9,3.0,35.3,3.1,0.1
586,MULTI_74,SVC,spec,70.6,4.7,70.6,4.7,70.6,4.7,72.6,5.3,70.5,5.0,0.2
587,MULTI_74,SVC,com,38.7,3.1,39.1,2.9,39.1,2.9,37.9,2.9,36.3,3.1,0.2
588,MULTI_74,SVC,spec,68.1,2.8,68.0,2.9,68.0,2.9,70.2,2.9,67.8,2.9,0.5
589,MULTI_74,SVC,com,38.2,5.3,38.3,5.4,38.3,5.4,38.0,5.2,37.4,4.9,0.5
590,MULTI_74,SVC,spec,68.6,3.8,68.6,3.8,68.6,3.8,71.8,4.1,68.4,4.0,1.0
591,MULTI_74,SVC,com,43.4,6.4,43.5,6.4,43.5,6.4,44.5,7.5,42.8,6.8,1.0
592,MULTI_75,SVC,spec,68.6,5.4,68.9,5.1,68.9,5.1,69.4,6.9,67.9,6.2,0.1
593,MULTI_75,SVC,com,45.2,3.0,45.4,3.2,45.4,3.2,47.3,4.3,44.1,3.5,0.1
594,MULTI_75,SVC,spec,71.8,5.3,72.1,5.1,72.1,5.1,72.3,5.4,71.4,5.6,0.2
595,MULTI_75,SVC,com,45.2,3.0,45.4,3.2,45.4,3.2,47.3,4.3,44.1,3.5,0.2
596,MULTI_75,SVC,spec,76.6,9.6,76.8,9.6,76.8,9.6,77.3,9.6,76.3,9.5,0.5
597,MULTI_75,SVC,com,48.4,4.1,48.6,4.2,48.6,4.2,50.5,7.2,46.8,3.9,0.5
598,MULTI_75,SVC,spec,69.1,1.3,69.2,1.5,69.2,1.5,69.9,1.3,69.0,1.2,1.0
599,MULTI_75,SVC,com,52.1,1.8,52.2,1.9,52.2,1.9,56.0,2.1,50.8,1.7,1.0
600,MULTI_76,SVC,spec,69.2,6.2,69.1,6.4,69.1,6.4,70.5,6.4,69.0,6.5,0.1
601,MULTI_76,SVC,com,41.5,4.1,41.5,4.4,41.5,4.4,44.9,12.4,37.5,4.8,0.1
602,MULTI_76,SVC,spec,75.6,6.0,75.4,6.2,75.4,6.2,76.2,6.2,75.3,6.5,0.2
603,MULTI_76,SVC,com,44.2,4.6,44.2,4.5,44.2,4.5,49.3,8.8,41.0,5.3,0.2
604,MULTI_76,SVC,spec,76.1,5.4,76.2,5.2,76.2,5.2,79.8,3.4,75.5,6.4,0.5
605,MULTI_76,SVC,com,44.8,8.4,44.9,8.6,44.9,8.6,46.1,9.6,43.4,8.2,0.5
606,MULTI_76,SVC,spec,80.9,4.2,80.9,3.9,80.9,3.9,83.2,3.1,80.7,4.5,1.0
607,MULTI_76,SVC,com,43.1,4.3,43.2,4.6,43.2,4.6,42.8,3.8,42.2,4.7,1.0
608,MULTI_77,SVC,spec,60.8,9.6,61.1,9.9,61.1,9.9,61.7,9.6,60.9,9.8,0.1
609,MULTI_77,SVC,com,40.8,7.1,40.7,6.3,40.7,6.3,47.3,12.2,37.3,10.2,0.1
610,MULTI_77,SVC,spec,64.8,7.0,65.2,7.1,65.2,7.1,66.3,5.6,64.8,7.0,0.2
611,MULTI_77,SVC,com,40.3,8.2,40.2,7.6,40.2,7.6,46.4,13.3,37.0,10.9,0.2
612,MULTI_77,SVC,spec,65.3,7.8,66.0,8.1,66.0,8.1,68.0,6.3,65.6,7.7,0.5
613,MULTI_77,SVC,com,41.3,5.1,41.5,4.8,41.5,4.8,48.5,7.4,40.6,6.2,0.5
614,MULTI_77,SVC,spec,63.8,4.7,64.4,5.0,64.4,5.0,66.2,4.2,64.0,4.7,1.0
615,MULTI_77,SVC,com,43.9,9.0,44.0,8.9,44.0,8.9,47.7,10.2,43.7,9.5,1.0
616,MULTI_78,SVC,spec,67.1,7.6,67.2,7.7,67.2,7.7,67.5,6.1,66.6,7.0,0.1
617,MULTI_78,SVC,com,39.9,3.7,40.0,4.1,40.0,4.1,35.3,5.5,35.4,3.1,0.1
618,MULTI_78,SVC,spec,66.5,7.6,66.6,7.8,66.6,7.8,66.3,7.3,66.1,7.7,0.2
619,MULTI_78,SVC,com,43.1,4.2,43.0,4.4,43.0,4.4,41.7,5.9,39.9,4.6,0.2
620,MULTI_78,SVC,spec,65.5,8.3,65.5,8.5,65.5,8.5,65.8,9.0,64.9,8.6,0.5
621,MULTI_78,SVC,com,47.3,8.6,47.4,8.5,47.4,8.5,47.3,8.4,44.1,9.7,0.5
622,MULTI_78,SVC,spec,66.0,6.5,65.9,6.5,65.9,6.5,65.7,6.9,65.3,7.1,1.0
623,MULTI_78,SVC,com,48.4,7.5,48.5,7.2,48.5,7.2,50.2,8.8,46.3,8.0,1.0
624,MULTI_79,SVC,spec,69.2,5.6,69.2,5.5,69.2,5.5,71.2,5.2,69.5,5.5,0.1
625,MULTI_79,SVC,com,40.6,2.6,40.7,2.6,40.7,2.6,45.1,8.0,36.1,5.1,0.1
626,MULTI_79,SVC,spec,72.4,5.0,72.3,4.9,72.3,4.9,74.0,5.4,72.2,5.1,0.2
627,MULTI_79,SVC,com,41.6,3.0,41.9,2.9,41.9,2.9,46.9,5.1,39.4,3.7,0.2
628,MULTI_79,SVC,spec,73.4,3.2,73.6,3.1,73.6,3.1,74.4,3.0,73.3,3.2,0.5
629,MULTI_79,SVC,com,43.2,6.0,43.4,5.7,43.4,5.7,45.2,6.5,40.0,9.0,0.5
630,MULTI_79,SVC,spec,73.4,2.5,73.7,2.5,73.7,2.5,76.0,1.2,73.3,2.3,1.0
631,MULTI_79,SVC,com,43.8,5.8,43.8,5.8,43.8,5.8,48.4,10.5,41.6,4.5,1.0
632,MULTI_80,SVC,spec,66.5,7.0,66.4,6.9,66.4,6.9,68.4,8.6,66.2,6.9,0.1
633,MULTI_80,SVC,com,43.2,5.9,43.5,5.8,43.5,5.8,45.5,7.1,42.4,5.7,0.1
634,MULTI_80,SVC,spec,69.7,9.6,69.6,9.3,69.6,9.3,71.3,9.9,69.2,9.4,0.2
635,MULTI_80,SVC,com,43.8,6.5,44.0,6.4,44.0,6.4,46.2,7.5,42.8,6.2,0.2
636,MULTI_80,SVC,spec,69.7,10.7,69.6,10.5,69.6,10.5,72.7,12.5,69.5,10.9,0.5
637,MULTI_80,SVC,com,42.2,5.3,42.4,5.1,42.4,5.1,47.0,8.1,40.1,5.1,0.5
638,MULTI_80,SVC,spec,74.1,9.8,74.0,9.5,74.0,9.5,75.0,9.9,73.4,10.5,1.0
639,MULTI_80,SVC,com,45.9,7.6,46.1,7.6,46.1,7.6,47.0,8.4,45.2,7.8,1.0
640,MULTI_81,SVC,spec,66.0,3.9,66.1,3.8,66.1,3.8,66.5,3.8,65.6,4.3,0.1
641,MULTI_81,SVC,com,33.5,6.8,33.4,7.3,33.4,7.3,31.9,10.0,30.4,8.0,0.1
642,MULTI_81,SVC,spec,70.3,6.6,70.3,6.6,70.3,6.6,70.7,6.2,69.6,7.5,0.2
643,MULTI_81,SVC,com,35.6,5.8,35.6,6.3,35.6,6.3,33.8,10.3,32.4,7.9,0.2
644,MULTI_81,SVC,spec,67.6,11.2,67.6,11.3,67.6,11.3,67.6,12.2,66.9,12.3,0.5
645,MULTI_81,SVC,com,34.5,5.1,34.8,5.5,34.8,5.5,33.0,5.2,32.0,5.4,0.5
646,MULTI_81,SVC,spec,69.7,10.9,69.7,11.1,69.7,11.1,69.5,12.7,68.6,12.5,1.0
647,MULTI_81,SVC,com,33.0,5.1,33.2,5.0,33.2,5.0,32.3,6.1,29.4,5.0,1.0
648,MULTI_82,SVC,spec,73.8,5.2,73.7,5.3,73.7,5.3,74.0,5.3,73.5,5.4,0.1
649,MULTI_82,SVC,com,37.9,2.5,37.2,3.1,37.2,3.1,37.9,16.5,31.0,7.8,0.1
650,MULTI_82,SVC,spec,74.4,4.6,74.1,4.8,74.1,4.8,76.1,5.5,73.6,4.6,0.2
651,MULTI_82,SVC,com,41.0,4.9,40.4,4.9,40.4,4.9,47.6,8.1,37.4,5.9,0.2
652,MULTI_82,SVC,spec,70.3,5.0,69.9,5.0,69.9,5.0,71.7,4.3,69.6,5.2,0.5
653,MULTI_82,SVC,com,45.6,6.2,45.0,5.9,45.0,5.9,49.1,6.8,44.1,6.0,0.5
654,MULTI_82,SVC,spec,71.8,5.4,71.5,5.2,71.5,5.2,75.9,3.3,71.1,5.6,1.0
655,MULTI_82,SVC,com,46.2,8.1,45.1,8.2,45.1,8.2,45.5,8.7,43.3,9.6,1.0
656,MULTI_83,SVC,spec,67.2,3.7,67.5,3.7,67.5,3.7,67.9,4.2,66.5,4.5,0.1
657,MULTI_83,SVC,com,41.2,6.5,40.6,6.4,40.6,6.4,34.2,12.9,32.9,5.2,0.1
658,MULTI_83,SVC,spec,70.4,7.8,70.5,7.8,70.5,7.8,70.4,8.2,69.5,8.5,0.2
659,MULTI_83,SVC,com,39.6,5.7,38.8,5.6,38.8,5.6,35.5,13.8,31.8,5.2,0.2
660,MULTI_83,SVC,spec,70.9,7.8,71.1,7.9,71.1,7.9,71.9,6.6,70.3,8.5,0.5
661,MULTI_83,SVC,com,41.7,6.1,41.4,6.2,41.4,6.2,38.9,6.6,38.3,5.8,0.5
662,MULTI_83,SVC,spec,69.3,3.9,69.3,3.9,69.3,3.9,72.0,4.4,68.6,4.6,1.0
663,MULTI_83,SVC,com,41.7,3.1,41.5,3.5,41.5,3.5,36.5,5.7,36.7,1.8,1.0
664,MULTI_84,SVC,spec,70.7,5.6,70.9,5.8,70.9,5.8,71.7,5.9,70.8,5.7,0.1
665,MULTI_84,SVC,com,35.1,6.0,34.5,6.0,34.5,6.0,36.6,8.2,27.6,5.5,0.1
666,MULTI_84,SVC,spec,71.8,4.4,72.1,4.7,72.1,4.7,72.5,4.2,71.7,4.4,0.2
667,MULTI_84,SVC,com,34.6,5.2,34.2,5.4,34.2,5.4,33.0,6.9,27.3,5.0,0.2
668,MULTI_84,SVC,spec,69.7,2.6,70.0,2.9,70.0,2.9,70.4,2.6,69.3,2.8,0.5
669,MULTI_84,SVC,com,34.0,5.1,33.6,5.3,33.6,5.3,31.6,7.3,28.6,7.4,0.5
670,MULTI_84,SVC,spec,71.3,1.9,71.5,2.2,71.5,2.2,72.4,2.0,70.6,2.0,1.0
671,MULTI_84,SVC,com,35.7,7.3,35.5,7.2,35.5,7.2,34.9,8.7,32.2,7.4,1.0
672,MULTI_85,SVC,spec,65.8,4.7,66.1,4.8,66.1,4.8,68.3,5.7,65.8,4.3,0.1
673,MULTI_85,SVC,com,42.1,1.7,42.2,1.7,42.2,1.7,39.9,6.0,39.7,3.4,0.1
674,MULTI_85,SVC,spec,69.5,2.7,69.7,2.5,69.7,2.5,70.6,4.5,68.7,3.4,0.2
675,MULTI_85,SVC,com,41.1,2.1,41.2,2.2,41.2,2.2,39.0,5.6,38.8,3.0,0.2
676,MULTI_85,SVC,spec,69.5,3.6,69.7,3.4,69.7,3.4,71.5,4.6,69.2,4.1,0.5
677,MULTI_85,SVC,com,45.8,2.7,45.8,2.7,45.8,2.7,47.6,4.9,44.9,3.4,0.5
678,MULTI_85,SVC,spec,62.1,3.6,62.2,3.5,62.2,3.5,66.5,4.8,62.4,3.8,1.0
679,MULTI_85,SVC,com,48.9,6.4,48.9,6.3,48.9,6.3,50.1,6.9,48.3,6.7,1.0
680,MULTI_86,SVC,spec,68.9,4.7,68.8,5.0,68.8,5.0,69.7,5.7,68.4,4.8,0.1
681,MULTI_86,SVC,com,48.7,3.8,47.9,4.3,47.9,4.3,49.4,4.2,47.3,5.5,0.1
682,MULTI_86,SVC,spec,71.5,4.5,71.3,5.0,71.3,5.0,71.8,5.2,71.1,4.8,0.2
683,MULTI_86,SVC,com,48.7,3.8,47.9,4.3,47.9,4.3,49.7,4.2,47.3,5.5,0.2
684,MULTI_86,SVC,spec,71.0,2.5,70.6,2.8,70.6,2.8,70.7,3.1,69.8,2.9,0.5
685,MULTI_86,SVC,com,48.2,3.7,47.4,4.2,47.4,4.2,49.0,4.0,46.8,5.3,0.5
686,MULTI_86,SVC,spec,66.9,6.6,66.3,6.9,66.3,6.9,70.5,5.6,66.8,6.8,1.0
687,MULTI_86,SVC,com,43.5,4.3,42.5,4.8,42.5,4.8,45.5,3.6,41.2,6.3,1.0
688,MULTI_87,SVC,spec,69.9,6.2,69.5,6.1,69.5,6.1,71.5,4.6,69.6,5.8,0.1
689,MULTI_87,SVC,com,33.2,8.8,33.5,9.1,33.5,9.1,27.8,14.4,28.3,11.1,0.1
690,MULTI_87,SVC,spec,74.7,3.6,74.6,3.5,74.6,3.5,76.0,3.6,74.3,3.7,0.2
691,MULTI_87,SVC,com,34.9,8.4,34.8,8.8,34.8,8.8,34.1,11.6,31.6,9.0,0.2
692,MULTI_87,SVC,spec,77.4,4.1,77.2,4.3,77.2,4.3,77.8,3.4,76.7,4.0,0.5
693,MULTI_87,SVC,com,38.2,4.1,38.5,4.0,38.5,4.0,42.8,7.4,34.4,4.3,0.5
694,MULTI_87,SVC,spec,73.1,5.9,73.4,6.1,73.4,6.1,75.7,6.0,72.5,5.4,1.0
695,MULTI_87,SVC,com,38.2,6.1,38.5,5.8,38.5,5.8,41.6,8.3,35.4,7.7,1.0
696,MULTI_88,SVC,spec,73.1,8.3,72.9,8.4,72.9,8.4,76.3,5.6,72.7,8.3,0.1
697,MULTI_88,SVC,com,32.8,7.0,32.8,6.8,32.8,6.8,24.1,4.5,26.5,6.2,0.1
698,MULTI_88,SVC,spec,77.4,9.7,77.3,9.9,77.3,9.9,78.8,10.1,76.9,10.1,0.2
699,MULTI_88,SVC,com,32.8,4.7,33.2,4.9,33.2,4.9,31.0,5.5,26.7,3.7,0.2
700,MULTI_88,SVC,spec,76.9,6.3,76.8,6.5,76.8,6.5,78.9,6.6,76.8,6.3,0.5
701,MULTI_88,SVC,com,31.2,6.2,31.4,6.1,31.4,6.1,25.7,6.5,26.0,5.4,0.5
702,MULTI_88,SVC,spec,79.5,8.2,79.5,8.3,79.5,8.3,82.0,8.1,79.3,8.2,1.0
703,MULTI_88,SVC,com,44.1,9.3,44.5,9.3,44.5,9.3,47.2,10.2,42.6,10.4,1.0
704,MULTI_89,SVC,spec,68.8,4.1,68.8,4.1,68.8,4.1,70.7,4.2,68.4,4.5,0.1
705,MULTI_89,SVC,com,36.6,3.6,36.3,3.3,36.3,3.3,35.5,4.3,31.5,3.1,0.1
706,MULTI_89,SVC,spec,70.4,7.0,70.4,7.1,70.4,7.1,71.1,8.0,69.7,7.8,0.2
707,MULTI_89,SVC,com,38.2,10.4,37.9,10.4,37.9,10.4,38.6,14.6,34.9,11.7,0.2
708,MULTI_89,SVC,spec,69.9,4.1,70.0,4.4,70.0,4.4,71.2,3.5,69.1,4.6,0.5
709,MULTI_89,SVC,com,43.5,8.0,43.5,7.9,43.5,7.9,43.7,8.7,43.1,8.2,0.5
710,MULTI_89,SVC,spec,73.7,8.2,73.8,8.1,73.8,8.1,76.8,7.2,73.6,7.8,1.0
711,MULTI_89,SVC,com,39.8,10.1,39.7,10.1,39.7,10.1,37.1,12.1,37.0,11.7,1.0
712,MULTI_90,SVC,spec,66.3,6.8,66.3,6.5,66.3,6.5,68.1,6.9,66.1,6.5,0.1
713,MULTI_90,SVC,com,32.6,3.8,32.8,3.5,32.8,3.5,30.5,6.2,29.9,4.6,0.1
714,MULTI_90,SVC,spec,65.8,5.4,65.6,5.0,65.6,5.0,68.7,8.0,65.1,5.2,0.2
715,MULTI_90,SVC,com,32.6,3.8,32.8,3.5,32.8,3.5,30.7,6.2,30.0,4.6,0.2
716,MULTI_90,SVC,spec,71.8,7.3,71.6,7.4,71.6,7.4,74.5,6.4,71.5,7.2,0.5
717,MULTI_90,SVC,com,34.2,4.1,34.3,4.1,34.3,4.1,27.3,4.7,29.4,3.5,0.5
718,MULTI_90,SVC,spec,68.0,4.5,67.7,4.5,67.7,4.5,71.4,4.2,67.7,4.2,1.0
719,MULTI_90,SVC,com,32.1,5.9,32.1,5.7,32.1,5.7,28.4,8.7,29.1,7.5,1.0
720,MULTI_91,SVC,spec,77.3,8.5,77.2,8.3,77.2,8.3,79.6,8.6,76.8,8.3,0.1
721,MULTI_91,SVC,com,36.8,8.5,36.5,7.7,36.5,7.7,28.9,7.9,30.1,6.2,0.1
722,MULTI_91,SVC,spec,76.8,6.1,76.6,5.9,76.6,5.9,78.1,6.4,76.5,5.7,0.2
723,MULTI_91,SVC,com,40.0,6.9,39.8,6.2,39.8,6.2,42.6,13.5,34.8,6.2,0.2
724,MULTI_91,SVC,spec,73.5,6.0,73.5,5.9,73.5,5.9,74.5,6.5,73.0,5.9,0.5
725,MULTI_91,SVC,com,40.0,5.2,39.9,4.6,39.9,4.6,36.7,8.6,35.3,6.2,0.5
726,MULTI_91,SVC,spec,71.4,7.2,71.5,7.1,71.5,7.1,73.4,7.8,71.4,7.6,1.0
727,MULTI_91,SVC,com,37.8,8.5,37.9,8.2,37.9,8.2,38.5,10.0,36.9,9.0,1.0
728,MULTI_92,SVC,spec,78.9,5.5,79.1,5.6,79.1,5.6,80.1,5.6,78.5,5.6,0.1
729,MULTI_92,SVC,com,41.6,4.0,41.8,4.5,41.8,4.5,57.2,11.6,38.2,2.8,0.1
730,MULTI_92,SVC,spec,80.5,6.3,80.6,6.2,80.6,6.2,82.4,5.6,80.5,6.2,0.2
731,MULTI_92,SVC,com,41.1,3.2,41.3,3.5,41.3,3.5,53.4,5.1,38.1,3.7,0.2
732,MULTI_92,SVC,spec,81.6,6.3,81.5,6.3,81.5,6.3,83.3,5.4,81.6,6.2,0.5
733,MULTI_92,SVC,com,33.5,8.1,33.5,8.1,33.5,8.1,36.2,15.2,31.1,8.5,0.5
734,MULTI_92,SVC,spec,82.7,5.3,82.8,5.1,82.8,5.1,83.7,5.6,82.6,5.2,1.0
735,MULTI_92,SVC,com,42.7,2.6,42.9,2.7,42.9,2.7,45.2,3.6,40.8,3.3,1.0
736,MULTI_93,SVC,spec,60.2,7.4,60.3,7.4,60.3,7.4,61.1,6.5,60.2,7.0,0.1
737,MULTI_93,SVC,com,39.7,5.8,40.2,6.0,40.2,6.0,50.6,11.2,35.1,4.9,0.1
738,MULTI_93,SVC,spec,66.6,5.2,66.6,5.5,66.6,5.5,67.4,4.7,66.4,5.2,0.2
739,MULTI_93,SVC,com,39.2,5.3,39.7,5.5,39.7,5.5,49.1,12.0,34.3,3.6,0.2
740,MULTI_93,SVC,spec,69.8,7.9,69.9,8.3,69.9,8.3,70.1,8.4,69.4,8.2,0.5
741,MULTI_93,SVC,com,35.5,6.2,35.7,5.9,35.7,5.9,38.5,14.3,32.6,6.8,0.5
742,MULTI_93,SVC,spec,64.0,8.8,63.9,9.0,63.9,9.0,64.4,9.2,63.5,9.2,1.0
743,MULTI_93,SVC,com,36.0,5.9,36.3,5.7,36.3,5.7,36.9,6.4,34.9,6.1,1.0
744,MULTI_94,SVC,spec,68.2,4.2,67.8,4.4,67.8,4.4,70.4,3.6,67.2,4.5,0.1
745,MULTI_94,SVC,com,40.5,7.8,39.9,7.7,39.9,7.7,37.0,10.6,36.6,9.0,0.1
746,MULTI_94,SVC,spec,68.3,4.2,67.8,4.6,67.8,4.6,69.2,4.3,67.4,4.8,0.2
747,MULTI_94,SVC,com,41.1,7.5,40.4,7.3,40.4,7.3,40.1,7.5,37.5,7.8,0.2
748,MULTI_94,SVC,spec,65.7,6.8,65.4,7.1,65.4,7.1,67.9,5.8,64.9,7.3,0.5
749,MULTI_94,SVC,com,39.5,11.8,38.8,11.6,38.8,11.6,40.0,12.7,35.9,11.4,0.5
750,MULTI_94,SVC,spec,61.4,2.2,61.1,1.5,61.1,1.5,67.0,6.6,58.5,3.3,1.0
751,MULTI_94,SVC,com,40.6,9.0,40.0,8.9,40.0,8.9,41.6,9.9,38.5,9.0,1.0
752,MULTI_95,SVC,spec,67.0,2.0,67.4,2.2,67.4,2.2,68.3,3.2,66.4,1.9,0.1
753,MULTI_95,SVC,com,41.5,4.9,41.4,4.9,41.4,4.9,45.7,8.1,39.0,5.3,0.1
754,MULTI_95,SVC,spec,68.1,2.4,68.4,2.5,68.4,2.5,69.7,3.1,67.5,2.6,0.2
755,MULTI_95,SVC,com,42.0,4.8,41.9,4.8,41.9,4.8,46.4,7.8,39.5,5.2,0.2
756,MULTI_95,SVC,spec,71.8,6.0,72.1,6.2,72.1,6.2,75.3,6.2,71.0,6.3,0.5
757,MULTI_95,SVC,com,42.0,4.8,42.1,4.9,42.1,4.9,43.6,7.2,39.8,5.0,0.5
758,MULTI_95,SVC,spec,68.1,5.9,68.5,5.9,68.5,5.9,71.6,4.3,67.7,5.9,1.0
759,MULTI_95,SVC,com,40.4,6.2,40.4,6.2,40.4,6.2,40.4,8.4,38.0,6.3,1.0
760,MULTI_96,SVC,spec,61.7,5.3,61.8,5.2,61.8,5.2,63.7,5.2,62.0,5.5,0.1
761,MULTI_96,SVC,com,31.9,4.5,32.4,4.9,32.4,4.9,28.8,13.3,25.6,5.8,0.1
762,MULTI_96,SVC,spec,62.3,6.6,62.2,6.5,62.2,6.5,65.5,6.7,62.4,6.5,0.2
763,MULTI_96,SVC,com,32.4,1.7,32.6,1.7,32.6,1.7,28.4,5.0,27.8,2.5,0.2
764,MULTI_96,SVC,spec,64.4,6.4,64.4,6.6,64.4,6.6,67.0,7.0,64.4,6.4,0.5
765,MULTI_96,SVC,com,35.6,7.3,35.7,7.4,35.7,7.4,37.4,9.7,35.0,8.1,0.5
766,MULTI_96,SVC,spec,69.7,2.6,69.7,2.6,69.7,2.6,72.9,3.0,70.1,2.5,1.0
767,MULTI_96,SVC,com,35.7,7.3,35.9,6.9,35.9,6.9,36.9,9.9,33.3,8.3,1.0
768,MULTI_97,SVC,spec,72.7,5.4,72.6,5.4,72.6,5.4,73.3,4.7,72.4,5.6,0.1
769,MULTI_97,SVC,com,38.0,5.3,37.5,5.8,37.5,5.8,31.8,14.5,31.9,10.0,0.1
770,MULTI_97,SVC,spec,75.9,8.6,75.8,8.7,75.8,8.7,76.4,8.0,75.6,8.6,0.2
771,MULTI_97,SVC,com,37.4,3.4,36.8,3.7,36.8,3.7,33.8,6.2,29.6,4.8,0.2
772,MULTI_97,SVC,spec,77.4,8.6,77.4,8.5,77.4,8.5,78.4,8.4,76.9,8.8,0.5
773,MULTI_97,SVC,com,36.4,2.8,36.6,2.5,36.6,2.5,38.7,3.8,34.8,3.9,0.5
774,MULTI_97,SVC,spec,76.9,10.2,76.9,10.0,76.9,10.0,78.7,9.4,76.1,10.3,1.0
775,MULTI_97,SVC,com,40.1,4.1,40.0,4.2,40.0,4.2,44.6,7.6,38.2,5.7,1.0
776,MULTI_98,SVC,spec,69.8,4.9,70.0,5.0,70.0,5.0,71.1,5.0,69.7,4.6,0.1
777,MULTI_98,SVC,com,32.3,4.5,31.7,4.4,31.7,4.4,22.9,7.7,24.1,5.6,0.1
778,MULTI_98,SVC,spec,73.6,6.5,73.8,6.4,73.8,6.4,74.8,6.0,73.4,6.6,0.2
779,MULTI_98,SVC,com,31.2,7.8,31.4,7.8,31.4,7.8,29.8,6.8,29.3,6.7,0.2
780,MULTI_98,SVC,spec,72.0,11.0,72.0,10.9,72.0,10.9,73.1,11.4,72.1,11.1,0.5
781,MULTI_98,SVC,com,38.1,5.5,37.9,5.6,37.9,5.6,35.7,12.7,29.9,9.2,0.5
782,MULTI_98,SVC,spec,76.2,11.1,76.3,10.9,76.3,10.9,77.0,11.6,76.2,11.3,1.0
783,MULTI_98,SVC,com,34.9,7.4,35.3,7.8,35.3,7.8,34.2,6.6,31.5,6.2,1.0
784,MULTI_99,SVC,spec,70.4,5.0,70.5,4.7,70.5,4.7,72.0,3.7,70.0,5.0,0.1
785,MULTI_99,SVC,com,35.4,7.5,36.0,7.7,36.0,7.7,34.1,9.9,32.2,7.1,0.1
786,MULTI_99,SVC,spec,69.4,2.5,69.4,2.7,69.4,2.7,71.4,2.7,68.9,2.7,0.2
787,MULTI_99,SVC,com,39.7,11.0,40.2,11.0,40.2,11.0,41.1,13.1,38.5,10.8,0.2
788,MULTI_99,SVC,spec,70.4,4.1,70.3,4.1,70.3,4.1,71.6,3.4,69.5,4.5,0.5
789,MULTI_99,SVC,com,37.6,7.8,38.1,8.0,38.1,8.0,38.0,8.8,36.4,7.0,0.5
790,MULTI_99,SVC,spec,69.9,4.7,69.8,4.5,69.8,4.5,73.6,5.1,69.2,4.4,1.0
791,MULTI_99,SVC,com,37.0,8.2,37.4,8.4,37.4,8.4,35.5,8.9,35.1,9.3,1.0
792,MULTI_100,SVC,spec,67.7,6.2,67.7,6.0,67.7,6.0,70.1,4.3,68.1,5.7,0.1
793,MULTI_100,SVC,com,40.4,3.4,38.3,4.0,38.3,4.0,42.5,11.6,30.4,6.6,0.1
794,MULTI_100,SVC,spec,69.7,7.5,69.8,7.4,69.8,7.4,71.8,6.0,70.3,6.8,0.2
795,MULTI_100,SVC,com,36.9,1.8,34.3,1.5,34.3,1.5,32.1,15.6,23.2,3.4,0.2
796,MULTI_100,SVC,spec,69.2,6.9,69.3,6.8,69.3,6.8,71.9,5.8,69.8,6.4,0.5
797,MULTI_100,SVC,com,36.3,5.3,34.3,5.0,34.3,5.0,42.6,10.5,28.6,5.9,0.5
798,MULTI_100,SVC,spec,67.7,7.3,67.7,7.0,67.7,7.0,70.5,7.6,68.4,7.3,1.0
799,MULTI_100,SVC,com,39.9,5.5,37.8,5.5,37.8,5.5,45.1,6.9,31.9,7.7,1.0
